,reward,len,score,turns,dlvl,max_hitpoints,max_energy,armor_class,experience_level,experience_points,eating_score,gold_score,scout_score,sokobanfillpit_score,staircase_pet_score,staircase_score,episode_number,true_objective
0,0.0,198.0,0,5,1,14,4,4,1,0,0,0,76,0,0,0,0,0.0
1,0.0,182.0,0,6,1,14,5,4,1,0,0,0,84,0,0,0,0,0.0
2,15.0,504.0,15,206,1,14,4,4,1,3,16,3,287,0,0,0,0,15.0
3,0.0,355.0,0,119,1,14,5,4,1,0,0,0,257,0,0,0,0,0.0
4,8.0,411.0,8,76,1,14,4,4,1,2,26,0,103,0,0,0,0,8.0
5,0.0,191.0,0,4,1,14,4,4,1,0,0,0,98,0,0,0,0,0.0
6,36.0,1372.0,36,1126,1,14,4,3,1,9,827,792,367,0,0,0,0,36.0
7,0.0,202.0,0,5,1,14,5,4,1,0,0,0,66,0,0,0,0,0.0
8,163.0,1936.0,163,1396,1,22,9,3,2,36,1294,9,338,0,0,0,0,163.0
9,24.0,402.0,24,89,1,14,5,3,1,6,0,0,170,0,0,0,0,24.0
10,0.0,192.0,0,4,1,14,4,4,1,0,0,0,63,0,0,0,0,0.0
11,42.0,2832.0,42,2511,1,14,4,0,1,0,1034,12,553,0,0,0,1,42.0
12,497.0,3678.0,497,2865,1,37,17,3,4,121,2258,13,628,0,0,7,0,497.0
13,0.0,224.0,0,7,1,14,5,4,1,0,0,0,80,0,0,0,0,0.0
14,674.0,4921.0,674,4964,1,46,24,3,5,163,2989,22,554,0,3,6,0,674.0
15,430.0,4529.0,430,3421,1,30,22,3,4,105,2923,720,732,0,0,0,0,430.0
16,555.0,4308.0,555,3279,1,30,14,2,4,137,2686,7,515,0,2,5,0,555.0
17,0.0,177.0,0,2,1,14,4,4,1,0,0,0,60,0,0,0,0,0.0
18,219.0,1698.0,219,1042,1,21,19,3,3,54,572,3,342,0,0,1,0,219.0
19,377.0,3187.0,377,2451,1,31,21,3,4,92,2487,9,497,0,0,2,0,377.0
20,972.0,6527.0,972,4466,2,37,22,3,5,225,4427,22,1124,0,0,3,0,972.0
21,32.0,478.0,32,146,1,14,5,4,1,8,0,0,221,0,0,0,0,32.0
22,704.0,9420.0,704,2913,2,27,20,0,4,142,2373,36,1260,0,0,72,0,704.0
23,1172.0,9218.0,1172,6233,1,42,33,3,5,161,5157,16,533,0,0,13,0,1172.0
24,236.0,1655.0,236,1029,1,26,16,3,3,56,451,12,431,0,0,0,0,236.0
25,0.0,168.0,0,4,1,14,5,4,1,0,0,0,66,0,0,0,0,0.0
26,20.0,644.0,20,150,1,14,5,4,1,5,255,0,232,0,0,0,0,20.0
27,0.0,215.0,0,6,1,14,4,4,1,0,0,0,70,0,0,0,0,0.0
28,554.0,5967.0,554,4468,1,26,33,3,4,133,3833,12,574,0,2,7,0,554.0
29,933.0,9231.0,933,7541,1,35,18,3,5,201,6828,129,467,0,7,27,0,933.0
30,1240.0,9699.0,1240,6860,1,27,28,3,5,308,6680,8,536,0,3,5,0,1240.0
31,0.0,144.0,0,62,1,14,5,4,1,0,0,0,168,0,0,0,1,0.0
32,1353.0,11569.0,1353,9722,1,38,36,3,5,162,7640,5,545,0,14,40,0,1353.0
33,2060.0,11666.0,2060,8362,3,40,25,3,6,484,7788,14,579,0,1,38,0,2060.0
34,4.0,411.0,4,157,1,14,4,4,1,1,0,0,353,0,0,0,1,4.0
35,308.0,3205.0,308,2790,1,29,17,3,3,75,2971,8,556,0,0,0,0,308.0
36,2410.0,9002.0,2410,5530,4,53,40,2,6,556,5105,36,1878,0,0,15,0,2410.0
37,634.0,5812.0,634,4584,1,25,26,4,4,158,3860,2,370,0,0,0,0,634.0
38,451.0,7700.0,451,3660,1,32,18,-2,4,112,3893,3,614,0,0,2,1,451.0
39,1078.0,6349.0,1078,5196,1,39,18,1,5,268,4925,6,441,0,0,6,1,1078.0
40,735.0,10949.0,735,7554,1,37,33,2,5,181,7244,11,484,0,4,36,1,735.0
41,1650.0,13356.0,1650,10505,1,40,27,3,6,409,10442,14,595,0,0,4,0,1650.0
42,1548.0,11282.0,1548,9349,1,47,30,3,6,380,8099,8,558,0,1,8,0,1548.0
43,1421.0,11736.0,1421,9990,1,48,36,3,6,320,8023,21,554,0,0,1,0,1421.0
44,1161.0,10345.0,1161,8070,1,36,22,4,5,171,6836,17,586,0,8,37,0,1161.0
45,1818.0,14291.0,1818,10949,1,45,35,3,6,452,10751,0,557,0,7,38,0,1818.0
46,412.0,2915.0,416,2209,1,44,21,4,4,98,2101,10,291,0,15,49,0,412.0
47,11.0,6160.0,11,2907,1,17,5,-3,1,0,3276,7,492,0,0,0,1,11.0
48,2167.0,14382.0,2167,9286,1,49,28,3,6,536,8472,13,474,0,1,39,0,2167.0
49,3001.0,10815.0,3001,6497,3,55,34,3,7,654,6451,225,1483,0,0,99,0,3001.0
50,0.0,181.0,0,3,1,14,5,4,1,0,0,0,50,0,0,0,1,0.0
51,1527.0,15122.0,1527,10700,1,44,29,3,6,379,9962,11,544,0,4,25,0,1527.0
52,943.0,13070.0,943,8512,1,40,25,10,5,235,7821,3,409,0,7,17,1,943.0
53,3709.0,15076.0,3709,9706,6,45,32,8,7,807,8347,161,3349,0,0,60,0,3709.0
54,1226.0,7574.0,1226,3172,5,42,32,7,5,240,3148,46,2399,0,0,11,0,1226.0
55,1194.0,11824.0,1194,9586,1,38,27,3,5,168,7826,14,561,0,0,14,1,1194.0
56,1759.0,15557.0,1759,11161,1,53,41,3,6,327,9756,7,583,0,48,71,0,1759.0
57,1183.0,7821.0,1183,5902,1,41,24,3,5,291,5952,19,618,0,2,11,1,1183.0
58,1680.0,13183.0,1680,10106,1,48,29,3,6,420,10049,0,535,0,4,29,0,1680.0
59,180.0,2229.0,180,1662,1,28,13,3,3,44,1722,4,543,0,1,14,0,180.0
60,732.0,8970.0,732,7084,1,47,39,1,5,166,5996,4,634,0,0,9,1,732.0
61,90.0,1081.0,90,544,1,14,5,4,1,17,195,22,374,0,0,0,0,90.0
62,1205.0,10845.0,1205,8520,1,43,34,3,5,299,8016,9,525,0,2,14,0,1205.0
63,1770.0,15318.0,1770,10265,1,46,29,3,6,440,9165,10,430,0,0,21,0,1770.0
64,1861.0,14397.0,1861,10835,1,50,33,3,6,463,8813,9,565,0,1,29,0,1861.0
65,2149.0,18958.0,2149,12355,1,40,41,3,6,534,12264,13,635,0,1,7,0,2149.0
66,2489.0,19061.0,2489,14456,1,40,27,4,6,620,13166,9,419,0,40,96,0,2489.0
67,2938.0,17955.0,2938,13460,1,58,34,2,7,734,12698,2,491,0,0,1,0,2938.0
68,3646.0,19462.0,3646,13527,1,56,44,3,7,908,13335,4,531,0,0,28,0,3646.0
69,1032.0,8900.0,1032,6439,1,38,29,3,5,258,5677,1054,512,0,4,8,1,1032.0
70,3368.0,22682.0,3368,14430,1,55,27,-1,7,842,13626,56,511,0,3,42,0,3368.0
71,970.0,10954.0,970,8618,1,36,18,4,5,239,8456,4,605,0,6,12,1,970.0
72,2992.0,23065.0,2992,16655,1,64,41,4,7,748,16408,0,484,0,9,44,0,2992.0
73,2683.0,19230.0,2683,11353,1,50,38,10,7,665,10489,13,419,0,1,34,0,2683.0
74,2458.0,19489.0,2458,14312,1,43,39,10,6,612,13358,0,404,0,10,24,0,2458.0
75,565.0,5258.0,565,3742,1,29,33,3,4,137,3000,17,465,0,4,8,0,565.0
76,2350.0,19539.0,2350,14380,1,28,37,2,5,319,12895,10,659,0,7,35,0,2350.0
77,36.0,577.0,36,209,1,15,5,4,1,9,0,0,251,0,0,2,0,36.0
78,56.0,461.0,56,131,1,14,5,4,1,14,240,0,260,0,0,0,0,56.0
79,1326.0,10600.0,1326,7950,1,38,28,3,6,329,7222,10,554,0,4,16,0,1326.0
80,2164.0,17483.0,2164,13135,1,41,37,4,6,326,11494,0,529,0,9,47,0,2164.0
81,1583.0,13088.0,1583,9981,1,48,38,3,6,394,9921,7,555,0,7,21,1,1583.0
82,1980.0,14128.0,1980,8483,1,44,34,3,6,488,7613,18,680,0,0,17,0,1980.0
83,4388.0,27670.0,4388,18890,1,48,34,3,7,1097,18432,6,594,0,11,61,0,4388.0
84,3485.0,22781.0,3485,17897,1,50,38,3,7,866,16270,21,479,0,35,98,0,3485.0
85,779.0,6656.0,779,5015,1,41,41,3,5,194,4279,3,613,0,1,6,0,779.0
86,2032.0,20630.0,2032,14078,1,44,31,2,6,508,13442,1030,603,0,12,35,0,2032.0
87,2104.0,19024.0,2104,14149,1,58,38,3,6,521,13666,792,458,0,7,59,0,2104.0
88,414.0,1724.0,414,973,4,27,22,4,3,48,934,22,864,0,0,5,0,414.0
89,39.0,615.0,39,165,1,14,4,4,1,9,0,3,329,0,0,0,0,39.0
90,993.0,6723.0,993,5073,1,29,22,3,5,245,5044,13,543,0,0,33,0,993.0
91,2792.0,26130.0,2792,16644,1,48,48,4,7,698,16368,816,585,0,5,26,0,2792.0
92,3300.0,21303.0,3300,14837,1,50,33,3,6,325,13321,2,474,0,22,62,0,3300.0
93,0.0,208.0,0,26,1,14,5,4,1,0,0,0,140,0,0,0,1,0.0
94,3834.0,25587.0,3834,17155,1,55,38,3,7,927,16243,184,534,0,1,115,0,3834.0
95,3287.0,26821.0,3287,16542,1,54,55,10,7,820,16572,7,510,0,2,40,0,3287.0
96,4475.0,30092.0,4475,17922,1,54,36,6,7,1111,17336,71,719,0,12,106,0,4475.0
97,1912.0,15734.0,1912,10598,1,42,37,3,6,478,9967,826,567,0,12,51,0,1912.0
98,4224.0,27697.0,4224,18937,1,60,41,1,7,646,16939,412,424,0,17,27,0,4224.0
99,3590.0,22827.0,3590,13055,1,60,33,3,7,895,13084,954,545,0,1,24,0,3590.0
100,2248.0,10193.0,2248,8347,3,40,37,1,6,521,8245,64,1139,0,0,13,0,2248.0
101,4193.0,31079.0,4193,23907,1,58,45,3,7,718,22205,73,579,0,27,100,0,4193.0
102,5887.0,27631.0,5887,19805,4,56,42,0,8,1409,19010,101,1090,0,129,350,0,5887.0
103,2407.0,15997.0,2407,11297,1,41,31,6,6,595,10580,17,479,0,0,9,1,2407.0
104,4456.0,27884.0,4456,18590,3,56,38,4,7,1085,18154,768,1168,0,12,64,0,4456.0
105,5427.0,28342.0,5427,20044,1,63,57,1,8,1329,19947,263,643,0,4,63,0,5427.0
106,2055.0,16364.0,2055,12490,1,41,31,2,6,509,11547,19,551,0,12,55,0,2055.0
107,3781.0,23898.0,3781,17027,1,55,46,-1,7,643,15916,1119,458,0,33,70,0,3781.0
108,3818.0,28581.0,3818,21117,1,57,38,3,7,952,20026,26,442,0,18,34,0,3818.0
109,2920.0,20727.0,2920,15022,1,63,47,3,7,723,14248,18,599,0,26,65,0,2920.0
110,3587.0,16612.0,3587,12793,1,67,32,2,7,866,12098,123,631,0,0,38,0,3587.0
111,6031.0,32803.0,6031,21374,3,54,43,2,8,1477,21417,117,1481,0,15,94,0,6031.0
112,4260.0,29558.0,4260,20553,1,50,40,1,7,1061,19528,36,486,0,15,69,0,4260.0
113,3596.0,24882.0,3596,16111,1,51,34,1,7,896,15817,12,553,0,60,137,0,3596.0
114,2762.0,21179.0,2762,16762,1,66,38,3,7,690,16852,2,489,0,16,41,0,2762.0
115,4311.0,27524.0,4311,19970,1,46,43,1,7,1043,18293,1195,506,0,15,47,0,4311.0
116,177.0,2718.0,177,1058,1,20,8,-3,2,38,904,15,494,0,0,0,1,177.0
117,845.0,7981.0,845,5529,1,31,32,4,5,209,4907,9,576,0,0,5,0,845.0
118,3456.0,21765.0,3456,16094,1,54,48,3,7,640,14925,48,669,0,16,51,0,3456.0
119,3027.0,21145.0,3027,15237,1,41,37,1,6,639,14060,15,699,0,3,21,1,3027.0
120,147.0,1263.0,147,657,1,20,12,3,2,34,588,11,345,0,1,3,1,147.0
121,1858.0,17732.0,1858,13638,1,47,30,3,6,457,12867,10,648,0,8,71,0,1858.0
122,669.0,11810.0,669,7549,1,34,25,-4,4,159,7804,9,479,0,1,3,1,669.0
123,5986.0,31153.0,5986,22330,4,57,47,1,8,1434,21597,138,1866,0,5,18,0,5986.0
124,10324.0,35299.0,10324,22172,2,63,42,2,8,2535,21435,238,1028,0,2,49,0,10324.0
125,650.0,7705.0,650,6015,1,47,34,4,5,160,5298,10,430,0,9,28,0,650.0
126,4630.0,26171.0,4630,18542,1,46,52,1,7,1155,18219,20,618,0,0,92,0,4630.0
127,2286.0,18290.0,2286,11731,1,47,38,3,6,568,10630,4,551,0,2,150,0,2286.0
128,603.0,5789.0,603,4765,1,26,31,3,4,147,4440,15,561,0,0,0,1,603.0
129,1309.0,11680.0,1309,8311,1,51,36,4,6,321,7572,15,545,0,27,87,0,1309.0
130,2492.0,24693.0,2492,19146,1,44,28,5,6,320,17934,12,635,0,5,30,1,2492.0
131,5590.0,32203.0,5590,24053,1,56,34,1,8,1300,22000,382,549,0,7,48,0,5590.0
132,5924.0,32303.0,5924,21063,3,50,48,3,8,1448,20836,62,1771,0,22,93,0,5924.0
133,3712.0,28837.0,3712,15503,1,76,41,3,7,928,15455,18,496,0,0,110,0,3712.0
134,587.0,6194.0,587,5212,1,27,31,3,4,146,4224,3,474,0,0,1,1,587.0
135,4746.0,25382.0,4746,16347,1,59,36,3,7,1184,16365,62,580,0,0,86,0,4746.0
136,9545.0,25563.0,9545,15145,2,67,49,6,8,2344,15178,187,1337,0,2,21,0,9545.0
137,3944.0,29265.0,3944,17070,1,50,38,1,7,945,16440,134,604,0,4,35,0,3944.0
138,8992.0,40358.0,8992,23675,6,55,40,5,8,2140,23603,268,2401,0,0,100,0,8992.0
139,1023.0,8804.0,1023,5336,1,36,25,3,5,252,4917,15,583,0,1,20,0,1023.0
140,10564.0,37349.0,10564,24572,3,73,47,4,8,2554,23639,432,2145,0,11,140,0,10564.0
141,78.0,1615.0,78,1200,1,14,4,4,1,17,1048,10,488,0,3,8,1,78.0
142,1345.0,11176.0,1345,7471,1,48,33,3,6,333,6798,13,520,0,0,17,1,1345.0
143,6300.0,37495.0,6300,22686,2,66,35,1,8,1536,22647,106,731,0,3,28,0,6300.0
144,3516.0,18717.0,3516,14669,1,44,37,2,7,869,14536,30,482,0,10,141,0,3516.0
145,2545.0,18499.0,2545,13606,1,40,32,3,5,319,12328,9,479,0,8,20,1,2545.0
146,1332.0,11358.0,1332,7824,1,49,48,3,6,329,7136,48,584,0,0,22,1,1332.0
147,8976.0,43653.0,8976,25847,4,60,58,2,8,2160,25188,338,1972,0,0,42,0,8976.0
148,352.0,3852.0,352,2959,1,33,17,3,4,88,2524,0,621,0,5,8,1,352.0
149,2657.0,26066.0,2657,19598,1,44,21,4,6,639,18192,5,601,0,2,45,1,2657.0
150,3223.0,24212.0,3223,16581,1,54,38,-4,7,795,16122,13,498,0,2,69,0,3223.0
151,4289.0,32877.0,4289,19459,1,40,38,1,7,1057,19455,335,542,0,18,155,0,4289.0
152,1419.0,9047.0,1419,5311,3,48,38,10,6,322,4328,31,1167,0,1,5,1,1419.0
153,60.0,1132.0,60,556,1,14,4,4,1,15,691,0,550,0,0,0,0,60.0
154,10209.0,38169.0,10209,26150,4,60,49,7,8,1285,24956,435,2293,0,12,66,0,10209.0
155,3179.0,19013.0,3179,13754,1,63,39,1,7,793,13304,7,568,0,5,58,1,3179.0
156,6192.0,41852.0,6192,25154,3,61,55,1,8,1482,24788,526,1290,0,50,133,0,6192.0
157,2522.0,15965.0,2522,10857,1,49,39,3,6,327,9598,6,458,0,0,14,1,2522.0
158,9031.0,42670.0,9031,28245,4,60,40,3,8,2181,28766,245,2135,0,28,127,0,9031.0
159,3357.0,33297.0,3357,19147,1,60,38,6,7,813,19138,263,728,0,0,20,1,3357.0
160,7349.0,42722.0,7349,25477,2,64,39,7,8,1325,24208,159,1128,0,8,17,0,7349.0
161,2051.0,16842.0,2051,10670,1,44,31,2,6,509,10854,5,422,0,11,104,1,2051.0
162,10614.0,35131.0,10614,21984,3,82,56,1,9,2587,21293,150,2231,0,0,67,0,10614.0
163,1532.0,13545.0,1532,10761,1,51,38,3,6,380,10384,12,686,0,6,22,1,1532.0
164,5434.0,31416.0,5434,20300,1,49,47,4,8,1350,20010,34,624,0,0,52,0,5434.0
165,17694.0,43092.0,17694,21151,5,67,47,2,9,4226,21317,658,2222,0,0,58,0,17694.0
166,2788.0,16993.0,2788,12374,1,46,43,1,7,665,11820,28,1575,0,0,36,1,2788.0
167,3100.0,20102.0,3100,14980,1,60,40,4,7,775,14630,18,557,0,3,23,1,3100.0
168,11607.0,44905.0,11607,30442,3,69,56,1,9,2820,29870,513,1745,0,4,25,0,11607.0
169,15110.0,46009.0,15110,34677,3,75,53,5,9,3721,34233,1536,2485,0,10,98,0,15110.0
170,4764.0,27313.0,4764,19741,1,46,35,0,7,1191,18193,42,659,0,9,44,0,4764.0
171,1954.0,12431.0,1954,8921,1,47,38,4,6,485,7674,4,655,0,0,1,0,1954.0
172,2083.0,15690.0,2083,11407,1,43,27,3,6,519,10201,7,535,0,6,68,0,2083.0
173,0.0,217.0,0,5,1,14,5,4,1,0,0,0,77,0,0,0,1,0.0
174,4850.0,24082.0,4850,15384,1,53,43,4,7,664,14237,166,660,0,0,107,1,4850.0
175,11967.0,47468.0,11967,26903,3,77,51,1,9,2868,28194,719,1758,0,3,40,0,11967.0
176,8594.0,39218.0,8594,22714,7,61,41,3,8,2000,21980,254,2676,0,0,72,0,8594.0
177,4397.0,25442.0,4397,19152,1,42,39,2,7,1085,18297,121,682,0,17,90,1,4397.0
178,11740.0,49004.0,11740,32589,1,68,50,5,9,2601,30877,568,1777,0,16,237,0,11740.0
179,12917.0,55130.0,12917,29871,3,78,50,1,9,3112,28563,517,1666,0,0,175,0,12917.0
180,6513.0,33084.0,6513,23750,4,46,44,4,8,1542,22898,551,1782,0,37,125,1,6513.0
181,4666.0,31139.0,4666,18063,1,54,29,-3,7,1164,17360,218,589,0,27,78,1,4666.0
182,9354.0,36174.0,9354,24689,4,59,51,2,8,2276,24560,100,2030,0,9,94,0,9354.0
183,606.0,6029.0,606,4923,1,32,35,4,4,151,4216,2,593,0,0,23,0,606.0
184,7714.0,36643.0,7714,25219,4,66,27,4,8,1874,24613,1636,1775,0,8,48,0,7714.0
185,1346.0,36776.0,1346,26730,1,46,42,3,6,334,25170,820,513,0,10,41,0,1346.0
186,9953.0,49304.0,9953,25678,3,62,50,4,8,2445,25663,2037,1793,0,0,64,1,9953.0
187,5218.0,30110.0,5218,18800,1,63,39,-1,8,1302,18825,56,481,0,5,72,0,5218.0
188,5200.0,30312.0,5200,20784,1,55,47,3,7,1241,19999,924,478,0,11,109,0,5200.0
189,6575.0,28860.0,6575,20169,2,66,39,2,8,1580,19786,239,904,0,0,18,1,6575.0
190,3919.0,23582.0,3919,15312,1,63,39,4,7,967,15419,51,454,0,1,67,1,3919.0
191,2616.0,25107.0,2616,16312,1,13,34,7,7,654,15055,0,643,0,2,5,0,2616.0
192,2120.0,25200.0,2120,6883,3,37,41,4,6,497,6893,24,999,0,0,5,0,2120.0
193,7861.0,32946.0,7864,18542,3,57,40,4,8,1822,17876,1059,1586,0,0,20,1,7861.0
194,15294.0,49634.0,15294,28920,4,65,65,0,9,4302,29678,3516,2900,0,3,78,0,15294.0
195,4312.0,38692.0,4312,18113,1,47,47,3,7,1078,17114,34,593,0,2,47,1,4312.0
196,4386.0,26037.0,4386,16792,1,65,30,2,7,1089,16321,20,574,0,0,78,1,4386.0
197,858.0,7043.0,858,4511,1,34,30,1,5,212,4244,10,545,0,6,11,1,858.0
198,2267.0,16027.0,2267,11180,1,46,43,3,6,563,10934,5,488,0,0,27,1,2267.0
199,2792.0,20766.0,2792,14209,1,42,40,3,7,667,13485,124,551,0,5,34,1,2792.0
200,2092.0,15252.0,2092,12842,1,34,30,3,5,319,10643,12,607,0,5,20,0,2092.0
201,15224.0,62786.0,15224,33014,6,72,66,1,9,3627,32136,724,3178,0,9,70,0,15224.0
202,734.0,6907.0,734,5381,1,40,27,5,5,181,4694,10,596,0,1,45,0,734.0
203,8710.0,36656.0,8710,23386,2,60,45,6,8,1700,22313,2480,857,0,24,124,1,8710.0
204,4197.0,28120.0,4197,14407,1,46,37,2,7,1039,14150,57,373,0,13,95,1,4197.0
205,2054.0,15697.0,2054,9866,1,36,40,4,6,510,9211,14,662,0,0,18,0,2054.0
206,4330.0,28447.0,4330,18952,1,56,56,3,7,1080,18573,112,669,0,31,129,1,4330.0
207,8694.0,42353.0,8694,26344,2,55,44,2,8,2146,25915,2188,2158,0,7,70,1,8694.0
208,968.0,9983.0,968,6892,1,46,33,3,5,242,6311,0,493,0,1,6,1,968.0
209,17194.0,43080.0,17194,24748,6,82,47,0,10,5262,24798,754,3953,0,0,64,1,17194.0
210,7314.0,38713.0,7314,24631,5,60,51,3,8,1755,23964,84,1699,0,8,111,1,7314.0
211,2526.0,16730.0,2526,13326,1,44,38,3,6,626,11787,12,574,0,9,14,1,2526.0
212,1604.0,13145.0,1604,10572,1,39,28,3,5,271,9247,12,655,0,0,2,1,1604.0
213,4314.0,20364.0,4314,14918,1,50,37,3,7,1072,14373,64,534,0,0,37,0,4314.0
214,2213.0,17829.0,2213,13941,1,43,31,4,6,551,12402,9,588,0,41,66,1,2213.0
215,9780.0,34366.0,9780,18256,3,78,41,0,8,2359,18019,910,2676,0,0,60,1,9780.0
216,2224.0,17461.0,2224,13410,1,35,26,3,5,319,11771,10,541,0,14,42,1,2224.0
217,4188.0,25362.0,4188,18236,1,57,27,3,7,1047,17529,96,592,0,22,108,1,4188.0
218,840.0,6876.0,840,5172,1,41,35,3,5,184,4626,104,489,0,10,17,1,840.0
219,12794.0,38174.0,12794,23460,3,56,51,2,9,3099,22433,636,2166,0,3,74,1,12794.0
220,4667.0,29191.0,4667,16652,1,48,36,2,7,1161,16281,23,590,0,0,18,1,4667.0
221,4961.0,38857.0,4961,21761,1,38,43,3,6,639,20764,67,637,0,45,56,1,4961.0
222,6835.0,30290.0,6835,19827,3,65,46,3,8,1668,19676,63,1151,0,4,33,1,6835.0
223,5622.0,30182.0,5622,20283,1,59,43,2,8,1391,19130,48,549,0,42,103,1,5622.0
224,3140.0,27078.0,3140,18054,1,51,43,1,7,780,17128,72,586,0,3,24,1,3140.0
225,7594.0,32905.0,7594,22499,3,65,37,-1,8,1865,21105,186,1746,0,0,33,1,7594.0
226,6385.0,31027.0,6385,15709,4,67,43,3,8,1551,15138,385,2073,0,0,29,1,6385.0
227,839.0,9341.0,839,6946,1,37,40,3,5,208,6742,7,434,0,1,2,1,839.0
228,2238.0,21253.0,2238,14729,1,37,28,3,5,319,13287,868,532,0,4,27,0,2238.0
229,11816.0,35900.0,11816,23563,7,82,45,-1,9,2805,22742,514,2583,0,4,89,1,11816.0
230,888.0,9528.0,888,7906,1,27,18,3,3,79,6040,572,520,0,1,14,1,888.0
231,7192.0,47186.0,7192,29072,3,76,41,-2,8,1750,28684,716,1684,0,29,112,1,7192.0
232,6099.0,36126.0,6099,20265,1,66,53,2,8,1520,20052,93,685,0,4,110,1,6099.0
233,16063.0,44483.0,16063,28410,7,61,62,2,9,3873,28056,1409,3160,0,12,79,1,16063.0
234,3026.0,21056.0,3026,15035,1,50,28,-4,7,754,15158,36,615,0,2,23,1,3026.0
235,4136.0,22823.0,4136,15592,1,53,43,4,7,1025,15127,36,607,0,0,70,0,4136.0
236,6749.0,49416.0,6749,31388,1,69,33,4,8,1293,29758,995,444,0,2,7,1,6749.0
237,6907.0,32061.0,6907,20044,3,56,54,2,8,1669,19241,325,1294,0,3,51,1,6907.0
238,5732.0,26469.0,5732,15079,3,74,42,3,8,1354,14834,296,1583,0,0,24,1,5732.0
239,8844.0,32433.0,8844,20967,3,64,41,3,8,2128,20302,222,1687,0,0,25,1,8844.0
240,7336.0,28882.0,7336,19923,4,63,57,2,8,1758,19029,242,2328,0,16,49,1,7336.0
241,16414.0,51471.0,16414,35737,3,79,54,3,9,4044,35303,1710,1776,0,28,146,1,16414.0
242,1655.0,13218.0,1655,10410,1,51,42,2,6,410,8486,5,475,0,4,65,1,1655.0
243,11657.0,42181.0,11657,29396,3,58,49,4,9,2872,29223,183,1729,0,15,53,0,11657.0
244,3880.0,26322.0,3882,19195,1,64,47,3,7,968,18086,38,441,0,1,119,1,3880.0
245,2694.0,24963.0,2694,12488,1,48,59,6,7,672,12212,6,542,0,9,61,1,2694.0
246,772.0,7808.0,772,6009,1,35,35,3,5,193,5330,920,521,0,4,43,0,772.0
247,8127.0,43010.0,8127,26842,3,70,44,5,8,1970,26640,189,1497,0,3,50,0,8127.0
248,5753.0,32170.0,5753,22194,2,51,44,4,8,1304,21120,205,1023,0,1,10,1,5753.0
249,762.0,8951.0,762,6661,1,43,29,3,5,175,5916,12,997,0,8,24,0,762.0
250,4940.0,25157.0,4940,17613,1,47,40,-4,7,1195,17128,50,1597,0,20,59,1,4940.0
251,3623.0,22795.0,3623,16654,1,41,41,3,7,900,16130,845,528,0,81,155,1,3623.0
252,8234.0,24435.0,8234,15278,4,64,49,-4,8,2021,15011,602,2471,0,4,40,0,8234.0
253,1947.0,14084.0,1947,11471,2,46,23,3,6,466,10589,33,1254,0,13,41,1,1947.0
254,3828.0,24991.0,3828,17713,1,54,40,3,7,957,17106,916,626,0,4,47,0,3828.0
255,5592.0,31021.0,5592,21485,2,58,46,3,8,1345,21212,206,655,0,11,93,1,5592.0
256,844.0,7904.0,844,6040,1,42,23,4,5,211,5418,0,431,0,5,7,0,844.0
257,1149.0,10052.0,1149,7922,1,30,36,3,5,283,6780,7,551,0,0,3,0,1149.0
258,6919.0,34578.0,6919,21884,2,64,39,-1,8,1690,22007,279,1119,0,7,80,0,6919.0
259,15259.0,45151.0,15259,30492,2,67,64,3,9,3691,29557,825,2061,0,0,77,0,15259.0
260,5263.0,37644.0,5263,20993,1,62,42,-1,8,1308,20196,187,531,0,1,46,1,5263.0
261,7523.0,38355.0,7523,22574,2,73,43,-1,8,1854,21517,77,1026,0,5,65,1,7523.0
262,6041.0,25506.0,6041,16743,4,54,37,4,8,1444,16519,115,1736,0,0,25,0,6041.0
263,6886.0,35561.0,6888,20127,1,70,61,3,8,1715,19426,26,405,0,0,53,0,6886.0
264,6684.0,30155.0,6684,20464,2,63,40,3,8,1289,19058,488,1882,0,0,89,1,6684.0
265,3902.0,26401.0,3904,16298,1,60,37,1,7,973,15660,10,541,0,2,41,0,3902.0
266,9677.0,36751.0,9677,22000,3,57,44,9,8,2382,21605,1173,1645,0,3,103,1,9677.0
267,5817.0,34449.0,5817,23162,2,68,52,3,8,1429,22347,157,932,0,12,28,1,5817.0
268,193.0,1920.0,193,1891,1,29,13,3,3,46,480,9,692,0,0,0,1,193.0
269,15775.0,48231.0,15775,32752,2,80,58,3,9,3784,32780,741,3945,0,1,54,0,15775.0
270,3064.0,21190.0,3064,16011,1,63,52,0,7,759,15144,40,495,0,9,36,0,3064.0
271,3311.0,28050.0,3311,18753,1,51,44,3,7,826,18360,7,507,0,0,3,0,3311.0
272,15962.0,39119.0,15962,24916,3,71,40,1,9,3056,24486,10038,1528,0,0,50,1,15962.0
273,1115.0,11385.0,1115,8727,1,41,33,3,5,277,7961,7,615,0,4,17,0,1115.0
274,11508.0,35068.0,11508,21270,7,58,37,1,9,2773,21200,574,3268,0,0,166,1,11508.0
275,3786.0,28660.0,3786,20432,1,5,32,6,7,944,19474,0,537,0,10,79,0,3786.0
276,1814.0,17738.0,1814,10854,1,51,34,3,6,451,10818,0,509,0,0,55,0,1814.0
277,2854.0,23008.0,2854,15826,1,67,33,3,7,643,14586,18,467,0,11,106,1,2854.0
278,503.0,4195.0,503,2888,1,29,26,4,4,122,2467,15,512,0,0,1,1,503.0
279,4273.0,23584.0,4273,15019,1,45,42,1,7,1030,14631,281,598,0,6,25,1,4273.0
280,16042.0,39445.0,16042,23999,2,71,53,0,9,3501,23821,1838,2342,0,2,61,1,16042.0
281,11604.0,42303.0,11604,24768,3,71,56,-4,9,2850,24173,94,1983,0,6,60,1,11604.0
282,17783.0,42423.0,17783,28239,5,67,51,3,9,3761,27994,445,3136,0,0,67,1,17783.0
283,10334.0,40498.0,10334,25409,6,61,48,5,8,2394,24909,1272,2488,0,0,84,0,10334.0
284,14341.0,41756.0,14341,27562,3,62,42,3,9,3456,27652,485,3239,0,0,53,1,14341.0
285,770.0,7105.0,770,6156,1,39,24,5,5,188,6171,8,432,0,6,17,1,770.0
286,9779.0,37711.0,9779,24902,3,62,48,1,8,2378,24046,595,2190,0,16,81,1,9779.0
287,12400.0,46853.0,12400,27340,4,67,52,3,9,2999,26884,486,2203,0,17,93,1,12400.0
288,7100.0,33492.0,7100,22069,3,60,65,0,8,1750,21476,2342,1661,0,6,55,1,7100.0
289,7945.0,47518.0,7945,26909,2,60,51,1,8,1966,26466,325,1275,0,5,49,1,7945.0
290,304.0,2843.0,304,2134,1,30,21,3,3,76,1850,0,604,0,1,1,0,304.0
291,5025.0,29750.0,5025,22518,1,47,35,5,7,1249,21576,29,413,0,31,174,1,5025.0
292,1542.0,10614.0,1542,7744,1,37,34,4,6,555,6775,148,528,0,3,20,0,1542.0
293,9773.0,65319.0,9773,24198,3,81,67,1,10,5120,23784,349,1364,0,6,46,1,9773.0
294,160.0,1996.0,160,1399,1,25,18,4,3,40,1106,0,614,0,5,8,0,160.0
295,2391.0,20438.0,2391,13113,1,44,26,3,6,323,12020,21,467,0,58,277,1,2391.0
296,428.0,3814.0,428,3144,1,23,24,4,4,104,2584,12,469,0,0,1,1,428.0
297,3344.0,19312.0,3344,13114,1,51,46,3,7,847,12498,22,662,0,6,34,1,3344.0
298,4452.0,23687.0,4452,17711,1,49,39,3,7,1113,17999,86,607,0,0,31,1,4452.0
299,5229.0,35678.0,5229,23747,2,60,40,1,8,1289,21849,467,715,0,19,93,1,5229.0
300,11285.0,44438.0,11285,26374,2,62,44,1,9,2777,26384,1153,1101,0,23,123,1,11285.0
301,11404.0,45941.0,11404,30623,3,71,46,2,9,2826,30450,828,1584,0,11,91,0,11404.0
302,17639.0,47046.0,17639,27703,5,71,57,1,9,4264,27325,983,3626,0,13,117,0,17639.0
303,7637.0,37964.0,7637,22069,2,49,43,2,8,1879,21805,233,1191,0,0,50,0,7637.0
304,2142.0,14743.0,2142,11066,1,51,31,3,6,530,9986,12,482,0,0,24,0,2142.0
305,487.0,5325.0,487,4007,1,37,21,3,4,121,3308,3,373,0,0,0,0,487.0
306,2111.0,15474.0,2111,12388,1,37,38,4,6,526,12334,7,423,0,11,40,0,2111.0
307,524.0,4928.0,524,3790,1,36,21,4,4,126,3422,20,462,0,0,3,0,524.0
308,2642.0,15564.0,2642,9834,4,50,44,3,6,623,9089,120,2058,0,5,32,1,2642.0
309,12589.0,41665.0,12589,27694,3,67,53,1,9,3101,27431,2113,1802,0,2,59,1,12589.0
310,13306.0,52520.0,13306,34456,3,64,51,3,9,3277,33713,744,1984,0,4,57,0,13306.0
311,10171.0,52692.0,10171,28950,2,76,56,2,8,2515,29535,439,1253,0,0,37,0,10171.0
312,504.0,5006.0,504,3918,1,31,21,6,4,123,3714,12,547,0,1,4,0,504.0
313,1755.0,21735.0,1755,13360,1,34,29,3,6,433,12072,13,467,0,3,84,1,1755.0
314,8143.0,33500.0,8143,19349,4,63,47,3,8,1983,19163,51,2160,0,1,61,0,8143.0
315,7869.0,34283.0,7869,21597,4,53,44,3,8,1877,21676,657,2083,0,0,113,0,7869.0
316,5906.0,34465.0,5906,22860,2,76,47,-2,8,1460,22043,136,1047,0,2,12,0,5906.0
317,511.0,3526.0,511,2436,1,35,26,3,4,124,2453,5,444,0,10,12,1,511.0
318,1387.0,14148.0,1387,10771,1,46,41,0,6,639,10043,9,473,0,21,56,0,1387.0
319,516.0,6217.0,516,4689,1,32,22,4,4,126,4338,12,535,0,0,0,0,516.0
320,8319.0,32367.0,8319,21677,1,69,43,1,8,2047,21331,1133,1261,0,0,61,1,8319.0
321,8208.0,26700.0,8208,17997,5,65,42,-4,8,1974,17701,92,1890,0,8,167,0,8208.0
322,998.0,7973.0,998,6303,1,42,29,3,5,247,5945,10,509,0,8,21,1,998.0
323,8821.0,36232.0,8821,22122,6,72,60,-2,8,2083,21499,295,3049,0,22,128,0,8821.0
324,6122.0,32655.0,6122,23942,2,71,33,3,8,1490,23467,492,1127,0,9,30,1,6122.0
325,2884.0,20106.0,2884,13339,1,53,47,4,7,714,13425,18,596,0,0,4,0,2884.0
326,1142.0,15043.0,1142,10931,1,37,26,-8,4,159,10436,16,9,0,13,35,0,1142.0
327,2784.0,19288.0,2784,13189,1,55,55,4,7,691,12575,832,646,0,4,37,1,2784.0
328,647.0,5480.0,647,4526,1,39,24,4,5,161,4083,3,516,0,0,1,1,647.0
329,3172.0,27911.0,3172,18949,1,54,33,4,7,793,18640,36,660,0,13,59,0,3172.0
330,4609.0,28135.0,4609,20489,1,53,40,-2,7,1142,20205,101,496,0,32,74,0,4609.0
331,5849.0,30360.0,5849,21482,2,63,28,1,8,1443,20614,313,551,0,8,87,1,5849.0
332,9919.0,45527.0,9919,27024,1,55,49,2,8,2426,26868,1131,525,0,7,53,0,9919.0
333,12578.0,48717.0,12578,30725,6,74,49,4,9,3064,30347,1858,3061,0,12,208,1,12578.0
334,600.0,6740.0,600,5606,1,22,18,1,4,147,5198,12,519,0,1,6,0,600.0
335,8528.0,61815.0,8528,31898,2,69,53,9,9,2847,31494,194,1007,0,30,141,0,8528.0
336,2560.0,21864.0,2560,12230,1,35,28,4,6,636,11781,6,569,0,0,71,0,2560.0
337,136.0,2656.0,136,1676,1,23,8,-4,2,28,1155,24,516,0,0,2,0,136.0
338,7939.0,29901.0,7939,20064,2,71,37,-3,8,1914,19369,203,1213,0,1,122,0,7939.0
339,184.0,2155.0,184,1645,1,26,18,4,3,44,1209,8,629,0,0,0,0,184.0
340,1620.0,16070.0,1620,11383,1,44,29,1,6,405,10455,672,593,0,16,54,0,1620.0
341,3265.0,23079.0,3265,16543,1,50,43,-5,7,773,14946,163,581,0,7,44,0,3265.0
342,7177.0,37918.0,7177,22513,1,57,45,2,8,1787,21944,181,486,0,1,88,1,7177.0
343,9387.0,40113.0,9387,25029,4,62,37,-2,8,2290,24789,801,1689,0,17,76,1,9387.0
344,700.0,7061.0,700,5752,1,40,24,3,5,172,4983,12,595,0,3,23,0,700.0
345,3594.0,24220.0,3594,15489,1,48,37,2,7,896,15075,22,533,0,4,21,0,3594.0
346,443.0,4774.0,443,3972,1,29,24,2,4,106,3304,9,539,0,3,7,1,443.0
347,9142.0,39195.0,9142,24049,2,62,55,0,8,2233,22543,150,984,0,2,81,1,9142.0
348,4664.0,25093.0,4664,17824,1,52,34,1,7,1155,16769,946,598,0,0,71,0,4664.0
349,16555.0,47871.0,16555,27906,2,69,53,5,9,3702,27352,2771,1504,0,7,102,1,16555.0
350,2812.0,26691.0,2812,19033,1,53,25,4,6,639,17615,10,476,0,39,100,1,2812.0
351,3946.0,22647.0,3946,15992,1,50,41,3,7,984,15265,6,568,0,0,19,1,3946.0
352,4999.0,31143.0,4999,22543,1,46,37,-2,7,1249,21191,3,616,0,5,32,1,4999.0
353,2820.0,23103.0,2820,13747,1,47,31,3,7,641,12857,8,533,0,11,26,1,2820.0
354,451.0,4952.0,451,3776,1,36,25,3,4,109,3628,5,663,0,5,5,0,451.0
355,17591.0,46380.0,17591,30331,5,71,49,2,9,4341,29833,795,3099,0,6,76,0,17591.0
356,1489.0,10209.0,1489,7422,1,57,34,3,6,370,6656,9,461,0,4,29,1,1489.0
357,175.0,2926.0,175,1573,1,26,21,3,3,42,1329,7,472,0,0,0,0,175.0
358,5994.0,35175.0,5994,24696,1,64,62,-1,8,1292,23362,594,526,0,8,21,1,5994.0
359,4939.0,30944.0,4939,20810,1,56,41,3,7,1224,20034,23,563,0,53,83,1,4939.0
360,16598.0,48757.0,16598,29038,6,69,44,-1,8,2559,27862,460,4454,0,13,57,0,16598.0
361,1016.0,8492.0,1016,6442,1,42,33,3,5,251,5693,12,518,0,0,4,1,1016.0
362,10802.0,34214.0,10805,19430,3,70,49,2,9,2627,19599,372,1665,0,1,94,1,10802.0
363,708.0,7971.0,708,6854,1,41,30,3,5,173,6222,16,527,0,4,13,0,708.0
364,11637.0,46841.0,11637,27609,4,70,47,2,9,2819,27173,229,2473,0,31,154,1,11637.0
365,2147.0,18434.0,2147,13390,1,51,40,3,6,535,12731,7,504,0,6,43,0,2147.0
366,6188.0,29799.0,6188,19187,2,48,51,2,8,1492,18192,160,1177,0,0,117,1,6188.0
367,14854.0,58116.0,14854,38733,7,69,59,2,9,3584,38613,918,3462,0,10,80,0,14854.0
368,16431.0,50797.0,16431,29179,5,87,51,6,9,3952,28600,633,2623,0,8,63,1,16431.0
369,2204.0,34856.0,2204,15952,1,47,38,-2,6,548,15390,12,384,0,0,0,1,2204.0
370,496.0,4980.0,496,3582,1,40,24,4,4,117,2871,28,625,0,4,18,0,496.0
371,8632.0,57619.0,8632,23303,2,55,48,1,8,2126,22717,310,1174,0,0,8,0,8632.0
372,656.0,9176.0,656,6758,1,39,21,2,5,164,6192,764,528,0,6,19,0,656.0
373,12516.0,35498.0,12516,25708,5,62,52,5,9,3069,25569,2408,3193,0,1,7,0,12516.0
374,4310.0,24890.0,4310,17988,1,54,32,2,7,1063,16571,238,679,0,6,36,1,4310.0
375,341.0,3244.0,341,2197,2,24,17,3,3,54,2188,25,1150,0,2,16,0,341.0
376,1029.0,8741.0,1029,6240,1,39,30,4,5,254,6136,3,576,0,0,18,0,1029.0
377,3028.0,19175.0,3028,13034,1,41,41,-2,7,757,12308,134,553,0,0,16,0,3028.0
378,5432.0,31588.0,5432,22172,2,51,49,6,8,1320,21708,264,892,0,8,62,1,5432.0
379,964.0,10986.0,964,8752,1,41,25,4,5,241,7888,0,641,0,0,0,0,964.0
380,3864.0,9409.0,3864,6843,1,48,48,4,7,956,6863,30,542,0,0,26,0,3864.0
381,326.0,3373.0,326,2800,1,34,21,4,4,81,2526,2,411,0,0,15,0,326.0
382,994.0,12335.0,994,8548,1,33,29,3,5,163,7354,6,532,0,0,15,1,994.0
383,6242.0,29944.0,6242,17541,2,57,39,-1,7,1279,17303,154,1099,0,0,65,1,6242.0
384,9253.0,45301.0,9253,28866,2,57,49,2,8,2290,28882,465,1132,0,0,169,1,9253.0
385,4384.0,28832.0,4384,21308,1,46,50,1,7,1096,20720,64,485,0,4,9,1,4384.0
386,8749.0,39633.0,8749,25291,8,72,44,4,8,2054,24454,233,2948,0,5,104,1,8749.0
387,650.0,6090.0,650,4857,1,30,14,4,4,159,4486,14,582,0,0,0,1,650.0
388,2988.0,20260.0,2988,15075,1,59,44,6,7,745,14761,8,475,0,4,47,0,2988.0
389,1071.0,8823.0,1071,6424,1,47,28,4,5,264,5650,5,503,0,7,18,0,1071.0
390,1261.0,3512.0,1261,1870,6,38,24,3,5,209,1454,39,2039,0,0,11,0,1261.0
391,11763.0,40207.0,11763,23923,3,63,48,10,8,1636,22860,311,2470,0,0,32,0,11763.0
392,7578.0,32637.0,7578,18402,5,53,42,4,8,1652,18337,1574,1274,0,4,15,0,7578.0
393,6088.0,32714.0,6088,19552,1,52,57,2,8,1496,18646,156,600,0,0,28,0,6088.0
394,8117.0,32957.0,8117,20059,4,64,48,1,8,1952,19080,345,1849,0,7,93,0,8117.0
395,5717.0,30189.0,5717,19659,1,49,43,3,8,1418,19249,25,567,0,12,55,1,5717.0
396,3476.0,20871.0,3476,15863,1,49,44,3,7,864,15054,12,683,0,8,28,0,3476.0
397,1051.0,9372.0,1051,7909,1,33,26,1,5,167,5759,3,649,0,0,6,0,1051.0
398,323.0,3136.0,323,2388,1,25,16,3,3,79,2588,7,559,0,0,0,0,323.0
399,8458.0,40708.0,8458,25438,4,57,63,1,8,2064,25338,458,2130,0,11,66,1,8458.0
400,4338.0,22691.0,4338,16441,1,51,38,1,7,1054,16420,122,615,0,0,123,0,4338.0
401,4468.0,23144.0,4468,15358,1,54,43,3,7,1117,14698,58,525,0,67,147,0,4468.0
402,3084.0,23294.0,3084,13700,1,57,39,9,7,750,13414,74,560,0,0,12,0,3084.0
403,4374.0,34449.0,4374,21741,1,50,47,-4,7,648,21669,146,538,0,35,211,0,4374.0
404,520.0,5361.0,520,4225,1,32,22,3,4,126,4068,16,583,0,22,25,1,520.0
405,10778.0,42946.0,10778,27739,3,73,36,3,9,2604,27139,824,1732,0,25,66,0,10778.0
406,11708.0,43256.0,11708,27912,7,72,47,-2,9,2847,27955,726,3096,0,2,30,0,11708.0
407,1043.0,16666.0,1043,7954,1,35,26,3,5,257,7193,5,386,0,0,5,1,1043.0
408,934.0,11044.0,934,8777,1,36,30,2,5,217,7752,16,609,0,23,71,0,934.0
409,1784.0,12517.0,1784,8934,1,48,35,4,6,446,8786,796,633,0,2,43,0,1784.0
410,17938.0,57694.0,17938,30471,3,68,59,4,9,4396,30549,5024,3139,0,0,176,1,17938.0
411,3497.0,18092.0,3497,12219,1,35,38,4,7,828,11663,185,552,0,4,32,1,3497.0
412,1119.0,4674.0,1119,2666,6,44,26,4,5,197,2030,1265,2821,0,1,8,1,1119.0
413,7610.0,40088.0,7610,22703,3,58,65,4,8,1827,22341,1682,1502,0,13,97,1,7610.0
414,11696.0,40886.0,11696,25905,4,76,59,0,9,2880,24416,2342,1591,0,17,67,1,11696.0
415,4276.0,25438.0,4276,16764,1,61,54,1,7,1069,15996,128,582,0,0,14,1,4276.0
416,5492.0,29365.0,5492,19027,1,71,37,3,8,1373,19014,130,508,0,7,32,1,5492.0
417,1405.0,12994.0,1405,11242,1,43,41,4,6,321,9811,9,486,0,7,33,1,1405.0
418,3327.0,20706.0,3327,15047,1,54,38,5,7,819,14604,51,613,0,15,60,1,3327.0
419,292.0,4268.0,292,1270,1,29,12,4,3,69,1136,6,504,0,8,10,0,292.0
420,14562.0,50850.0,14562,34504,5,67,45,1,9,3579,33744,2332,2710,0,43,196,0,14562.0
421,9483.0,100000.0,9486,26486,2,51,46,4,8,2359,26055,405,1256,0,2,224,1,9483.0
422,9257.0,28504.0,9257,20856,5,81,38,4,8,2244,20202,207,1964,0,10,92,0,9257.0
423,801.0,8864.0,801,7444,1,31,28,4,5,197,7045,13,654,0,2,3,0,801.0
424,4096.0,34814.0,4096,16796,1,53,42,1,7,1024,16263,16,539,0,0,194,1,4096.0
425,1628.0,11202.0,1628,8188,1,51,36,2,6,407,8203,0,550,0,0,3,1,1628.0
426,1764.0,18675.0,1764,12971,1,46,30,3,5,319,11276,12,573,0,0,89,1,1764.0
427,3691.0,24654.0,3691,14686,1,48,39,3,7,889,15060,135,658,0,0,0,1,3691.0
428,14695.0,55551.0,14695,30500,3,70,56,0,9,3566,30069,393,1997,0,1,105,0,14695.0
429,7805.0,53398.0,7805,27398,4,55,47,5,8,1905,27384,331,2074,0,23,77,1,7805.0
430,3376.0,21776.0,3376,15670,1,45,39,4,7,836,14981,162,607,0,5,49,1,3376.0
431,8983.0,42374.0,8983,25307,3,60,49,7,8,2179,24380,401,1158,0,4,63,1,8983.0
432,1291.0,15495.0,1291,8695,1,49,40,4,6,321,8348,7,518,0,36,83,0,1291.0
433,2167.0,15578.0,2167,11841,1,52,34,3,6,539,11322,11,584,0,3,14,0,2167.0
434,1510.0,12244.0,1510,9675,1,51,42,3,6,375,8263,10,569,0,4,23,1,1510.0
435,716.0,13850.0,716,11003,1,29,25,3,4,159,9025,898,381,0,2,27,0,716.0
436,3220.0,24768.0,3220,14885,1,58,43,-4,7,787,14320,12,943,0,0,7,1,3220.0
437,9367.0,41187.0,9367,25832,2,61,57,-2,8,2270,24942,355,1062,0,11,140,1,9367.0
438,8247.0,34218.0,8247,21871,3,50,49,1,8,2025,21550,91,1683,0,0,10,1,8247.0
439,3900.0,30862.0,3900,16710,1,65,52,6,7,975,16705,18,494,0,0,40,0,3900.0
440,1416.0,9534.0,1416,6262,2,46,35,3,6,334,5671,20,1234,0,0,15,0,1416.0
441,4349.0,31481.0,4349,18637,1,56,36,10,7,1067,17760,71,480,0,0,24,0,4349.0
442,646.0,4842.0,646,3459,1,27,25,4,4,157,2985,18,529,0,1,8,0,646.0
443,4308.0,32601.0,4308,23536,1,45,31,-1,7,1071,22977,114,606,0,10,42,1,4308.0
444,2499.0,14789.0,2499,10750,4,41,34,4,6,553,10623,117,1733,0,27,61,0,2499.0
445,5941.0,30993.0,5941,19981,2,64,42,1,8,1469,19568,71,617,0,2,91,0,5941.0
446,5894.0,35939.0,5894,20396,1,42,44,1,8,1466,19622,104,584,0,9,133,1,5894.0
447,8743.0,40134.0,8743,22697,3,49,33,3,7,1279,21595,203,1569,0,0,116,1,8743.0
448,17013.0,47913.0,17013,31104,4,81,49,1,9,4142,30761,1421,2061,0,22,108,1,17013.0
449,1270.0,10250.0,1270,7891,1,40,26,2,5,314,6833,14,636,0,4,27,1,1270.0
450,2022.0,15544.0,2022,10647,1,34,25,3,6,503,9931,10,434,0,7,72,0,2022.0
451,6943.0,29029.0,6943,16819,2,50,49,3,8,1715,16598,937,987,0,4,82,1,6943.0
452,3652.0,24146.0,3652,13615,1,51,50,3,7,913,12752,10,506,0,0,31,1,3652.0
453,11691.0,52766.0,11691,26998,4,80,46,3,9,2829,26294,321,2014,0,12,139,0,11691.0
454,2172.0,17353.0,2172,13623,1,40,43,3,6,345,12465,12,607,0,9,17,0,2172.0
455,2279.0,14597.0,2279,10789,1,41,22,3,5,319,10462,3,457,0,7,34,0,2279.0
456,731.0,6241.0,731,4777,1,45,21,3,5,178,4348,19,539,0,2,11,0,731.0
457,5309.0,18645.0,5309,12704,5,40,39,5,7,1162,12760,451,1764,0,17,63,1,5309.0
458,3913.0,29173.0,3913,15997,1,58,43,0,7,962,16520,65,569,0,2,16,1,3913.0
459,1430.0,10984.0,1430,7762,1,51,35,1,6,325,6672,94,1477,0,1,11,0,1430.0
460,7206.0,35344.0,7206,23354,1,64,57,5,8,1752,23260,246,604,0,0,55,0,7206.0
461,4924.0,30489.0,4924,17537,1,60,56,3,7,1200,16499,114,549,0,0,65,1,4924.0
462,6603.0,35532.0,6603,23597,3,44,43,2,8,1607,23050,249,1141,0,23,528,0,6603.0
463,5655.0,34814.0,5655,23676,1,55,51,1,8,1379,23098,129,549,0,10,73,1,5655.0
464,220.0,2118.0,220,1248,1,28,20,3,3,52,1212,12,637,0,9,9,1,220.0
465,1483.0,10396.0,1483,7364,1,41,31,3,6,369,7137,7,625,0,3,47,1,1483.0
466,2736.0,17769.0,2736,11906,1,50,30,2,7,678,11445,14,450,0,0,23,0,2736.0
467,2691.0,18138.0,2691,11515,1,54,34,3,7,666,11408,7,516,0,1,40,0,2691.0
468,6891.0,38322.0,6891,26155,2,53,57,1,8,1694,25551,185,1333,0,24,53,0,6891.0
469,1467.0,15402.0,1467,11196,1,19,19,2,3,79,9140,3,426,0,5,34,0,1467.0
470,8132.0,38406.0,8132,23089,4,51,50,-1,8,1992,22631,366,1846,0,31,102,0,8132.0
471,9900.0,38437.0,9900,21909,4,69,58,4,8,2435,21101,242,2298,0,0,135,0,9900.0
472,2436.0,17796.0,2436,11273,1,42,40,2,6,609,11275,0,484,0,0,33,0,2436.0
473,1273.0,11712.0,1273,8184,1,26,17,1,3,79,7996,17,615,0,0,1,0,1273.0
474,84.0,3379.0,84,1223,1,22,9,4,2,21,1188,0,503,0,0,0,1,84.0
475,6884.0,29019.0,6884,17254,2,63,45,1,8,1674,16928,366,1062,0,3,151,1,6884.0
476,1262.0,11793.0,1262,5381,2,44,29,4,5,291,5021,38,1065,0,0,100,1,1262.0
477,7355.0,40655.0,7355,21181,2,52,50,-1,8,1806,20381,853,931,0,12,69,0,7355.0
478,4705.0,26424.0,4705,18523,1,61,47,0,7,1166,17599,41,695,0,6,40,1,4705.0
479,1718.0,18788.0,1718,12746,1,39,42,3,6,427,11836,0,540,0,8,18,0,1718.0
480,1169.0,11173.0,1169,9131,1,29,24,4,4,159,7523,17,759,0,3,6,0,1169.0
481,348.0,3791.0,348,2873,1,33,19,4,4,85,3178,8,493,0,0,13,1,348.0
482,321.0,2880.0,326,2350,1,22,19,4,3,77,2044,13,595,0,0,3,1,321.0
483,2850.0,16970.0,2850,12564,1,56,40,3,7,710,12047,12,488,0,14,30,0,2850.0
484,1150.0,13589.0,1150,11095,1,29,31,3,4,159,9278,18,461,0,1,20,0,1150.0
485,12889.0,30242.0,12889,18331,9,57,44,2,9,3017,17707,687,4523,0,0,68,1,12889.0
486,46.0,8779.0,46,5523,1,17,4,-3,1,0,5894,22,539,0,0,10,1,46.0
487,1147.0,8161.0,1147,6065,1,36,31,3,5,284,5354,11,454,0,0,8,1,1147.0
488,1898.0,13934.0,1898,9165,1,37,38,0,6,473,9052,6,565,0,1,71,0,1898.0
489,858.0,7504.0,858,6020,1,35,26,2,5,213,5819,6,538,0,7,10,0,858.0
490,2856.0,19737.0,2856,14233,1,43,46,3,7,709,13350,10,565,0,4,29,1,2856.0
491,27.0,6414.0,27,3268,1,17,4,-3,1,5,3730,7,437,0,0,7,1,27.0
492,3514.0,20680.0,3514,15856,1,53,44,6,7,853,15798,92,588,0,1,18,0,3514.0
493,3124.0,25159.0,3124,18759,1,37,34,0,7,776,17904,20,699,0,0,135,1,3124.0
494,1317.0,12978.0,1317,8969,1,51,42,4,6,324,7085,21,723,0,1,8,1,1317.0
495,13645.0,46940.0,13650,29265,4,66,56,0,9,3311,29047,353,2308,0,2,170,0,13645.0
496,2368.0,19644.0,2368,14117,1,51,27,3,6,583,13568,16,556,0,7,13,0,2368.0
497,3032.0,22074.0,3032,14987,1,47,47,3,7,758,14930,20,490,0,5,36,1,3032.0
498,13512.0,43075.0,13512,25913,3,67,40,-1,9,3235,25753,616,3389,0,0,73,1,13512.0
499,3211.0,22609.0,3211,16181,1,54,44,5,7,798,16170,9,621,0,15,30,0,3211.0
500,1471.0,14169.0,1471,10114,1,33,31,10,6,365,10075,11,454,0,8,23,0,1471.0
501,15760.0,46963.0,15760,27880,4,73,50,-1,9,3853,27551,308,2679,0,3,135,0,15760.0
502,1254.0,12719.0,1254,9318,1,38,30,4,5,309,8665,18,566,0,7,22,0,1254.0
503,3248.0,22070.0,3248,15209,1,53,33,2,7,812,14841,86,603,0,120,278,0,3248.0
504,841.0,7417.0,841,5503,1,43,29,3,5,208,4981,9,433,0,3,9,1,841.0
505,1364.0,12945.0,1364,9708,1,41,26,3,6,337,8582,16,544,0,10,16,0,1364.0
506,2620.0,15672.0,2620,11601,1,57,41,3,7,655,11334,0,654,0,0,34,1,2620.0
507,4175.0,25052.0,4175,16704,1,57,43,2,7,1028,15966,253,540,0,0,40,1,4175.0
508,2236.0,14297.0,2236,9258,1,45,37,3,6,559,8656,1324,499,0,2,96,1,2236.0
509,3048.0,22717.0,3048,16432,1,54,36,3,7,762,15804,20,554,0,7,28,0,3048.0
510,3576.0,23188.0,3576,16393,1,45,41,2,7,786,15711,432,472,0,6,20,0,3576.0
511,4006.0,22824.0,4006,15465,1,56,39,3,7,999,14807,26,561,0,43,76,0,4006.0
512,8173.0,48617.0,8173,32005,3,62,48,1,8,1984,31733,495,1878,0,8,55,1,8173.0
513,3661.0,22918.0,3661,12628,1,51,51,3,7,912,11766,3,699,0,6,34,0,3661.0
514,145.0,2781.0,145,1775,1,25,14,4,2,34,1594,9,634,0,0,0,1,145.0
515,1256.0,12146.0,1263,8248,1,33,34,4,5,309,8242,20,635,0,2,19,1,1256.0
516,731.0,9343.0,731,7545,1,33,39,1,5,181,6836,7,606,0,7,17,0,731.0
517,339.0,5830.0,339,2800,1,40,20,3,4,82,2649,11,481,0,9,12,1,339.0
518,800.0,7656.0,800,5091,1,36,26,3,5,200,4383,0,524,0,9,34,0,800.0
519,2142.0,23685.0,2142,16127,1,42,34,3,6,532,14550,4,510,0,39,156,0,2142.0
520,438.0,4913.0,438,3602,1,25,24,4,4,106,3705,14,408,0,5,42,0,438.0
521,2344.0,19887.0,2344,15254,1,46,43,4,6,584,14548,8,693,0,9,39,0,2344.0
522,787.0,8155.0,787,7670,1,37,19,3,5,193,5712,15,497,0,6,22,0,787.0
523,0.0,316.0,0,5,1,14,5,4,1,0,0,0,30,0,0,0,1,0.0
524,1777.0,15054.0,1777,11404,1,33,26,-2,4,159,10529,5,9,0,6,26,1,1777.0
525,1648.0,13287.0,1648,7875,1,48,38,4,6,409,7448,12,482,0,0,8,0,1648.0
526,1615.0,13667.0,1615,10427,1,45,45,3,6,399,10445,19,457,0,3,28,1,1615.0
527,3066.0,24210.0,3066,16015,1,40,33,-2,5,319,15062,12,396,0,14,65,0,3066.0
528,3079.0,20523.0,3079,13130,1,49,44,3,7,765,12971,751,444,0,5,51,0,3079.0
529,4714.0,21049.0,4714,15152,1,58,35,-1,7,1168,14457,128,505,0,0,74,0,4714.0
530,4000.0,26700.0,4000,20639,1,56,42,0,7,1000,19570,6,490,0,3,16,0,4000.0
531,3580.0,24675.0,3580,15737,1,53,45,6,7,895,14992,198,633,0,7,34,0,3580.0
532,2874.0,27529.0,2874,15431,1,44,39,3,7,714,14768,18,604,0,0,4,0,2874.0
533,1614.0,9237.0,1614,4565,2,43,35,6,6,360,5679,76,1544,0,0,18,1,1614.0
534,2696.0,19425.0,2696,13619,1,50,35,2,7,671,12761,12,527,0,21,33,0,2696.0
535,887.0,9328.0,887,7821,1,41,28,3,5,217,7550,9,404,0,10,87,1,887.0
536,1240.0,15120.0,1240,10180,1,46,29,3,5,310,9965,0,585,0,2,24,0,1240.0
537,775.0,9903.0,775,7614,1,44,25,1,5,190,6953,15,469,0,1,3,0,775.0
538,1416.0,14804.0,1416,12119,1,41,26,3,6,354,10518,788,572,0,8,41,0,1416.0
539,4544.0,28328.0,4544,18630,1,61,30,3,7,1135,18050,4,587,0,10,48,0,4544.0
540,2888.0,21966.0,2888,13243,1,56,43,3,7,722,12892,820,564,0,0,117,0,2888.0
541,6403.0,33548.0,6403,21567,2,64,44,3,8,1583,21060,205,1053,0,15,123,1,6403.0
542,4442.0,26961.0,4442,19411,1,55,36,0,7,1102,18748,24,642,0,16,162,0,4442.0
543,48.0,1456.0,48,499,1,14,5,4,1,12,642,0,389,0,0,0,1,48.0
544,2836.0,20716.0,2836,14121,1,61,38,3,7,709,12757,4,501,0,0,21,0,2836.0
545,2014.0,15555.0,2014,11586,1,42,40,3,6,502,11126,6,583,0,2,65,0,2014.0
546,3163.0,27688.0,3163,13827,1,41,41,4,7,789,13368,7,590,0,0,3,0,3163.0
547,17108.0,58645.0,17108,43193,6,78,39,1,9,4156,40878,226,3213,0,5,204,0,17108.0
548,1682.0,16283.0,1682,13239,1,43,23,3,6,407,11764,54,501,0,8,21,1,1682.0
549,117.0,746.0,117,305,1,17,6,5,2,24,333,21,460,0,0,0,1,117.0
550,3030.0,28872.0,3030,18021,1,55,44,2,7,750,17538,30,687,0,0,3,0,3030.0
551,8363.0,29113.0,8363,18810,3,51,46,8,8,1898,18142,195,1634,0,14,51,0,8363.0
552,5700.0,29241.0,5700,18722,2,61,44,7,8,1404,18305,154,1222,0,0,20,0,5700.0
553,1194.0,11826.0,1194,8681,1,31,29,10,5,296,7755,10,517,0,0,12,0,1194.0
554,1174.0,13313.0,1174,6888,1,44,37,2,5,177,6182,1398,540,0,9,13,1,1174.0
555,3516.0,17259.0,3516,10151,2,47,55,0,7,854,9557,1600,1398,0,0,51,0,3516.0
556,3543.0,23297.0,3543,13938,1,49,43,-2,7,862,13967,95,575,0,2,43,0,3543.0
557,4445.0,30623.0,4445,21459,1,44,35,-3,6,639,20225,13,9,0,4,46,1,4445.0
558,4584.0,27963.0,4584,21291,1,51,35,2,7,1146,20502,878,540,0,21,51,0,4584.0
559,2138.0,16402.0,2138,11835,1,8,44,6,6,528,10843,16,549,0,19,55,0,2138.0
560,4090.0,29885.0,4090,19532,1,43,48,0,7,1020,18673,98,511,0,24,68,0,4090.0
561,1027.0,9508.0,1027,7525,1,32,30,3,5,246,7433,23,565,0,3,28,0,1027.0
562,1658.0,10250.0,1658,7491,1,50,38,3,6,407,7033,10,645,0,0,3,0,1658.0
563,4646.0,24479.0,4646,18633,1,50,41,-1,7,1159,18109,146,633,0,5,66,0,4646.0
564,9290.0,35494.0,9290,24779,4,69,43,5,8,2254,24389,114,2228,0,9,26,1,9290.0
565,8563.0,31581.0,8563,16330,4,58,34,5,8,2069,16451,137,1702,0,5,12,1,8563.0
566,0.0,279.0,0,5,1,14,5,4,1,0,0,0,83,0,0,0,1,0.0
567,11764.0,32684.0,11764,19559,4,78,57,1,9,2836,19140,210,2387,0,30,91,1,11764.0
568,6235.0,29308.0,6238,18524,2,52,35,0,7,1279,17357,155,843,0,8,98,0,6235.0
569,872.0,10000.0,872,8141,1,27,34,3,5,218,7871,0,577,0,2,28,0,872.0
570,9883.0,65023.0,9883,25836,2,57,47,3,8,2419,24829,639,1203,0,0,29,0,9883.0
571,4508.0,30044.0,4508,21016,1,55,32,1,7,643,19177,24,580,0,3,38,0,4508.0
572,19447.0,77499.0,19447,30038,5,74,54,4,9,4769,29217,845,3021,0,1,172,1,19447.0
573,3191.0,19226.0,3191,12575,1,52,35,0,7,644,11380,19,473,0,2,68,0,3191.0
574,13540.0,52222.0,13540,31689,2,61,67,5,9,3362,31301,604,1170,0,0,49,1,13540.0
575,1612.0,19938.0,1612,15009,1,49,23,1,6,398,14037,698,620,0,8,31,0,1612.0
576,1954.0,16283.0,1954,11088,1,38,39,3,6,486,10492,10,458,0,11,55,1,1954.0
577,1099.0,11013.0,1099,6471,1,27,24,3,5,273,6328,7,483,0,1,8,0,1099.0
578,6945.0,31915.0,6945,20551,3,75,49,0,8,1610,19970,637,1386,0,6,63,0,6945.0
579,1664.0,13026.0,1664,10295,1,52,36,3,6,416,10333,0,599,0,12,26,0,1664.0
580,410.0,3825.0,410,2724,1,29,19,3,4,99,2741,14,599,0,0,0,1,410.0
581,330.0,11313.0,330,5082,1,28,17,-2,3,79,5349,6,429,0,1,3,0,330.0
582,610.0,8096.0,610,6271,1,39,24,4,4,150,5774,10,550,0,7,32,1,610.0
583,3720.0,20758.0,3720,13145,1,51,37,2,7,930,13053,40,405,0,13,106,0,3720.0
584,16631.0,55847.0,16631,33655,7,73,44,3,9,3981,33109,509,3389,0,3,94,1,16631.0
585,4552.0,32473.0,4552,20890,1,48,49,1,7,653,19627,186,517,0,17,47,0,4552.0
586,8909.0,33426.0,8909,23413,3,60,27,-1,7,1279,22761,327,2053,0,9,79,1,8909.0
587,3124.0,23497.0,3124,15543,1,60,30,6,7,776,15224,10,534,0,4,17,1,3124.0
588,6295.0,31689.0,6295,22022,3,55,55,2,8,1543,21752,63,1316,0,0,53,1,6295.0
589,696.0,6142.0,696,4431,1,39,26,3,5,173,3920,4,366,0,0,26,1,696.0
590,5201.0,24511.0,5201,16415,1,58,62,1,8,1286,16441,47,678,0,0,9,0,5201.0
591,2853.0,20796.0,2853,15799,1,45,28,4,7,709,14844,17,558,0,32,49,1,2853.0
592,1748.0,18337.0,1748,11685,1,51,38,3,6,434,11912,2,387,0,5,57,1,1748.0
593,8468.0,28996.0,8468,17661,5,53,53,0,8,2057,16768,244,3834,0,0,83,0,8468.0
594,966.0,10018.0,966,7927,1,49,24,2,5,238,6433,14,468,0,8,22,0,966.0
595,908.0,10028.0,908,6957,1,43,34,2,5,225,6754,8,595,0,3,16,0,908.0
596,4648.0,23106.0,4648,16329,1,52,31,3,7,1162,15971,22,526,0,12,46,0,4648.0
597,2186.0,13500.0,2186,9517,1,45,22,4,6,543,9063,14,561,0,3,24,1,2186.0
598,2566.0,29466.0,2566,16510,1,55,44,3,6,637,16439,8,526,0,9,39,0,2566.0
599,2868.0,24818.0,2868,15173,1,61,43,3,7,711,15153,14,613,0,59,148,1,2868.0
600,7370.0,34723.0,7370,23419,2,63,44,3,8,1801,22383,248,979,0,3,51,0,7370.0
601,2835.0,20691.0,2835,14787,1,55,32,3,7,687,14671,87,621,0,2,6,0,2835.0
602,20.0,581.0,20,199,1,14,4,4,1,5,238,710,317,0,0,0,1,20.0
603,1911.0,13094.0,1911,10200,1,37,22,1,5,319,8981,3,467,0,3,49,0,1911.0
604,1526.0,10353.0,1526,4779,2,50,27,3,6,354,4198,10,1128,0,0,11,0,1526.0
605,6072.0,37874.0,6072,24734,2,67,40,2,8,1485,23876,202,622,0,32,262,0,6072.0
606,1146.0,16487.0,1146,8982,1,25,12,1,3,79,7551,6,456,0,0,0,1,1146.0
607,6354.0,32954.0,6356,18304,2,57,49,2,8,1538,17861,152,1037,0,0,40,1,6354.0
608,1413.0,13353.0,1413,9885,1,50,38,3,6,349,9275,17,553,0,0,3,1,1413.0
609,3480.0,22165.0,3480,15626,1,58,33,4,7,863,14779,28,608,0,0,2,1,3480.0
610,5522.0,28982.0,5522,21821,2,61,48,1,8,1339,21196,140,969,0,3,21,1,5522.0
611,4454.0,23457.0,4454,13799,1,68,35,3,7,1097,13552,66,572,0,2,164,1,4454.0
612,1884.0,15491.0,1884,11907,1,43,28,5,6,468,11198,12,441,0,14,86,0,1884.0
613,12.0,805.0,12,166,1,14,4,4,1,3,239,0,341,0,0,0,1,12.0
614,2189.0,19942.0,2189,13762,1,57,45,3,6,545,13653,9,529,0,10,44,1,2189.0
615,402.0,62964.0,402,10115,1,36,20,0,4,96,10637,8,574,0,0,0,1,402.0
616,5572.0,30918.0,5572,21330,1,68,38,-1,8,1393,20237,74,641,0,13,62,1,5572.0
617,16522.0,82810.0,16522,29577,5,71,44,3,9,4003,28418,652,2922,0,0,53,0,16522.0
618,612.0,8007.0,612,6414,1,26,21,7,4,150,5321,12,614,0,0,9,1,612.0
619,3038.0,18280.0,3038,12225,1,57,37,-5,7,756,12194,14,478,0,0,23,0,3038.0
620,1854.0,24997.0,1854,15195,1,40,35,-2,6,458,14512,12,632,0,14,28,0,1854.0
621,1579.0,22424.0,1579,10966,1,48,49,3,6,391,10681,15,9,0,1,11,0,1579.0
622,3006.0,22513.0,3006,18536,1,48,48,3,7,749,16480,40,747,0,11,26,0,3006.0
623,2372.0,13477.0,2372,9295,1,45,41,3,6,593,8705,1054,611,0,0,28,0,2372.0
624,11641.0,41003.0,11641,23250,4,65,40,3,9,2729,22496,1443,3082,0,133,635,0,11641.0
625,6977.0,39690.0,6977,20609,2,56,43,1,8,1726,20027,163,1127,0,14,301,0,6977.0
626,6531.0,29961.0,6531,20741,3,61,43,1,8,1566,20362,249,1319,0,7,69,0,6531.0
627,4720.0,33332.0,4720,24299,1,43,37,7,6,639,23615,904,583,0,26,64,0,4720.0
628,5384.0,35562.0,5384,19169,1,55,50,1,8,1346,18732,228,651,0,0,60,1,5384.0
629,10891.0,40829.0,10891,28130,4,71,49,5,9,2623,27880,747,2492,0,31,164,0,10891.0
630,16.0,727.0,16,56,1,14,5,4,1,4,196,0,115,0,0,0,1,16.0
631,1961.0,16792.0,1961,13977,1,42,17,3,4,159,11752,3,670,0,1,8,0,1961.0
632,8699.0,34683.0,8699,22840,4,52,45,0,8,2120,22037,59,2388,0,10,93,0,8699.0
633,6180.0,26327.0,6180,17165,2,50,42,3,8,1520,16745,50,1179,0,4,32,0,6180.0
634,1950.0,14503.0,1950,11243,1,47,37,3,6,484,10258,14,626,0,0,3,0,1950.0
635,12627.0,43543.0,12627,31183,6,80,44,-1,9,2974,30680,573,2670,0,67,218,0,12627.0
636,4438.0,31518.0,4438,21951,1,49,31,3,6,639,20634,92,435,0,29,83,0,4438.0
637,3690.0,20242.0,3690,11846,1,53,49,2,7,910,11545,138,1089,0,4,70,0,3690.0
638,3509.0,22551.0,3509,15186,1,49,35,3,7,864,14127,147,624,0,1,38,1,3509.0
639,15492.0,45236.0,15492,25618,5,75,51,1,9,3710,25315,698,2925,0,0,119,0,15492.0
640,1476.0,10892.0,1476,6881,1,55,28,3,6,369,6664,1050,504,0,3,13,1,1476.0
641,6546.0,28301.0,6546,20125,3,60,56,3,8,1600,19715,46,1220,0,4,35,1,6546.0
642,4906.0,25773.0,4906,17883,1,39,42,3,6,639,16902,34,636,0,0,59,0,4906.0
643,1103.0,9437.0,1103,5805,1,36,22,3,5,273,5082,11,619,0,1,12,1,1103.0
644,1002.0,12346.0,1002,10215,1,42,27,4,5,250,9305,2,602,0,1,32,0,1002.0
645,5908.0,28299.0,5908,19522,2,56,56,1,8,1451,18918,158,762,0,1,52,0,5908.0
646,4887.0,32965.0,4887,20018,1,55,50,3,7,1219,19973,11,616,0,3,13,0,4887.0
647,4438.0,26009.0,4438,17973,1,59,40,4,7,1107,16913,808,732,0,0,29,0,4438.0
648,5254.0,30229.0,5254,18107,1,45,42,-2,8,1296,18065,42,1239,0,0,9,0,5254.0
649,1959.0,13189.0,1959,9819,1,43,40,3,6,483,8667,17,728,0,2,24,1,1959.0
650,534.0,5525.0,534,4116,1,39,19,4,4,133,3600,2,544,0,0,0,1,534.0
651,9048.0,45018.0,9048,27927,2,63,51,1,8,2234,27335,340,971,0,8,103,0,9048.0
652,2259.0,16458.0,2259,12188,1,48,35,3,6,560,10685,9,497,0,6,43,0,2259.0
653,2688.0,18065.0,2688,13234,1,65,43,3,7,671,12071,4,449,0,1,39,1,2688.0
654,164.0,1395.0,164,995,1,17,9,3,2,39,928,8,418,0,0,0,1,164.0
655,4224.0,35278.0,4224,17024,1,54,35,-3,7,1051,18291,78,405,0,2,38,1,4224.0
656,2380.0,8512.0,2380,6746,1,40,38,-1,6,594,6409,4,436,0,4,21,1,2380.0
657,2350.0,18416.0,2350,11121,1,36,38,3,6,583,10557,18,614,0,0,114,0,2350.0
658,5790.0,27516.0,5790,20694,2,64,45,1,8,1413,19940,280,1007,0,33,130,0,5790.0
659,3592.0,19196.0,3592,14054,1,70,30,10,7,855,12942,152,490,0,2,16,0,3592.0
660,35.0,1122.0,35,652,1,14,5,3,1,8,239,3,481,0,0,0,1,35.0
661,4494.0,21507.0,4494,15479,4,50,36,2,7,1077,15521,174,1758,0,9,64,1,4494.0
662,10198.0,35207.0,10198,23228,5,61,38,6,8,2445,22261,544,2678,0,3,83,0,10198.0
663,11534.0,44325.0,11534,26806,4,71,66,-1,9,2806,26232,344,2614,0,10,92,0,11534.0
664,6415.0,27955.0,6420,21071,3,68,49,3,8,1527,20766,1075,1490,0,54,129,0,6415.0
665,8.0,512.0,8,219,1,14,4,4,1,2,0,0,372,0,0,0,1,8.0
666,2949.0,19758.0,2949,13273,1,53,33,0,7,701,12942,145,424,0,5,35,0,2949.0
667,9258.0,32704.0,9258,21239,4,68,54,2,8,2248,19925,124,2031,0,0,19,0,9258.0
668,1024.0,10012.0,1024,7372,1,42,26,3,4,159,6282,12,621,0,0,4,1,1024.0
669,4155.0,22604.0,4155,16815,1,66,38,-4,7,1032,15651,27,612,0,16,30,0,4155.0
670,7350.0,40186.0,7350,26565,3,61,52,4,8,1291,25317,246,1478,0,28,110,0,7350.0
671,4185.0,18350.0,4185,13223,2,45,42,1,7,1009,12923,2177,1616,0,2,28,1,4185.0
672,8244.0,46103.0,8244,27357,2,66,36,8,8,2041,26914,1204,1209,0,2,16,0,8244.0
673,3050.0,19957.0,3050,15327,1,44,46,2,7,746,15403,66,472,0,17,55,1,3050.0
674,6086.0,24825.0,6086,14370,2,60,38,0,8,1352,14404,196,765,0,10,125,1,6086.0
675,3644.0,29546.0,3644,20510,1,52,53,2,7,911,19979,20,617,0,0,4,1,3644.0
676,6573.0,34108.0,6573,20510,4,55,48,1,8,1591,19998,91,2043,0,4,224,1,6573.0
677,18862.0,53269.0,18862,34544,2,66,49,0,9,4619,34150,554,1734,0,7,95,0,18862.0
678,392.0,3106.0,392,2229,1,25,23,4,4,90,1589,22,491,0,2,2,1,392.0
679,180.0,2120.0,180,1559,1,30,12,3,3,42,1571,12,679,0,2,10,1,180.0
680,3189.0,20598.0,3189,14208,1,45,49,3,7,789,13148,69,495,0,3,46,0,3189.0
681,3844.0,23469.0,3844,18182,1,47,57,10,7,952,16933,36,632,0,2,12,1,3844.0
682,2186.0,14676.0,2186,11149,1,46,23,3,6,544,10962,10,603,0,9,32,1,2186.0
683,7054.0,45525.0,7054,29186,1,54,46,2,8,1763,28314,976,625,0,110,223,1,7054.0
684,4739.0,30421.0,4739,19833,1,40,44,1,7,1145,20131,463,586,0,5,49,1,4739.0
685,4940.0,35385.0,4940,24353,1,59,52,-3,7,1225,22837,152,512,0,39,152,1,4940.0
686,11460.0,40595.0,11460,25070,3,54,46,1,9,2840,23916,1484,2544,0,7,60,0,11460.0
687,752.0,10843.0,752,7919,1,41,34,4,5,188,7228,780,589,0,1,5,1,752.0
688,58.0,3119.0,61,2726,1,14,4,0,1,14,1937,2,558,0,3,5,1,58.0
689,2142.0,21857.0,2142,15144,1,56,36,3,6,533,15035,10,503,0,0,14,0,2142.0
690,7709.0,34115.0,7709,22437,2,56,33,0,7,1279,20659,361,826,0,2,45,0,7709.0
691,2010.0,22111.0,2010,14741,2,43,43,4,6,479,14448,34,1055,0,21,76,1,2010.0
692,2178.0,15621.0,2178,10462,4,40,40,3,6,507,10205,3826,1317,0,7,39,1,2178.0
693,1728.0,18609.0,1732,13403,1,15,27,6,6,433,12137,932,598,0,6,31,0,1728.0
694,4486.0,22236.0,4486,15301,5,61,42,8,7,1024,14753,190,1678,0,7,45,0,4486.0
695,9083.0,35169.0,9083,22670,4,74,53,8,8,1304,21599,557,1434,0,8,64,0,9083.0
696,10439.0,36388.0,10439,22228,4,67,54,5,9,2566,21658,383,2345,0,0,14,0,10439.0
697,1028.0,7382.0,1028,5551,1,32,27,3,5,255,6065,8,481,0,8,47,1,1028.0
698,6031.0,26383.0,6031,17715,3,53,46,5,8,1463,17219,79,1973,0,0,44,1,6031.0
699,5026.0,28267.0,5026,17239,1,50,28,3,7,1254,17083,80,492,0,0,6,1,5026.0
700,2515.0,16935.0,2515,11662,1,38,42,4,6,542,10962,327,582,0,34,138,1,2515.0
701,3258.0,21647.0,3258,16640,1,39,39,1,7,812,15751,72,452,0,22,66,1,3258.0
702,8032.0,28632.0,8032,18788,5,68,37,2,8,1867,18701,314,2046,0,6,75,1,8032.0
703,4949.0,22807.0,4949,14460,1,62,40,4,7,1215,13885,89,578,0,0,88,0,4949.0
704,4924.0,25510.0,4924,17351,1,51,38,1,7,1231,17136,122,568,0,0,172,0,4924.0
705,9965.0,43590.0,9965,25879,3,60,58,0,8,1356,24912,227,1657,0,1,73,1,9965.0
706,1634.0,12988.0,1634,9566,1,55,27,3,6,406,9164,0,445,0,36,40,1,1634.0
707,13582.0,35946.0,13582,24517,4,69,56,6,9,3294,23533,492,2511,0,2,54,1,13582.0
708,7432.0,33853.0,7432,21144,3,63,45,10,8,1769,20148,1156,1927,0,0,45,0,7432.0
709,2526.0,18549.0,2526,13617,1,45,24,4,6,622,12922,28,626,0,0,12,1,2526.0
710,7031.0,20086.0,7031,11796,2,47,63,3,8,1663,11821,631,2083,0,0,20,1,7031.0
711,8200.0,38738.0,8200,25489,1,65,57,2,8,2047,23923,312,722,0,0,45,0,8200.0
712,11350.0,50380.0,11350,28479,3,75,46,0,9,2787,28219,398,1587,0,1,60,1,11350.0
713,8756.0,45793.0,8756,28530,2,63,62,-2,8,2164,27894,238,1266,0,36,210,0,8756.0
714,7216.0,37569.0,7216,20438,1,59,38,1,8,1804,19961,230,650,0,0,138,0,7216.0
715,720.0,8677.0,720,6699,1,37,24,4,5,177,6343,12,622,0,2,18,1,720.0
716,16528.0,42792.0,16528,26928,6,59,52,2,9,4067,26182,2918,3059,0,0,43,1,16528.0
717,7050.0,38249.0,7050,19955,2,58,51,1,8,1717,19353,730,839,0,0,33,0,7050.0
718,4128.0,28490.0,4128,19531,1,45,51,2,7,649,18283,62,559,0,3,59,1,4128.0
719,5622.0,38792.0,5622,22600,2,67,46,2,8,1364,22394,198,920,0,16,81,0,5622.0
720,812.0,9776.0,812,6128,1,39,26,3,5,198,5416,10,468,0,0,39,0,812.0
721,7338.0,21195.0,7338,12638,7,62,55,2,8,1368,12331,1770,3907,0,0,38,0,7338.0
722,2678.0,21259.0,2678,16355,1,49,40,7,6,372,16636,6,511,0,5,31,1,2678.0
723,9228.0,35324.0,9228,23900,2,71,46,5,8,2241,22879,312,904,0,33,64,1,9228.0
724,2557.0,21181.0,2557,15964,1,45,29,3,6,338,13706,17,453,0,15,77,0,2557.0
725,14623.0,57073.0,14623,35530,5,57,53,4,9,3480,35415,895,2834,0,0,50,1,14623.0
726,4506.0,31493.0,4506,21576,1,38,24,-3,6,639,19974,232,602,0,20,86,1,4506.0
727,5442.0,29620.0,5442,20031,2,57,52,5,8,1313,19428,130,1254,0,0,34,1,5442.0
728,5158.0,22332.0,5158,15273,2,61,43,3,7,1272,14898,20,1057,0,0,79,0,5158.0
729,1055.0,7376.0,1055,5919,1,40,19,3,5,260,5184,15,582,0,0,0,1,1055.0
730,2794.0,17196.0,2794,11486,1,42,34,3,7,676,11351,20,828,0,6,32,1,2794.0
731,6696.0,37344.0,6696,26841,1,49,41,-1,8,1674,26243,138,621,0,2,34,1,6696.0
732,5866.0,29949.0,5866,19274,1,59,36,-3,8,1455,18470,46,605,0,1,18,1,5866.0
733,4032.0,30228.0,4032,20785,1,68,46,2,7,1008,20306,144,515,0,17,44,0,4032.0
734,750.0,6328.0,750,4987,1,30,33,1,5,180,4832,20,484,0,1,23,1,750.0
735,7239.0,38857.0,7239,26234,2,57,42,3,8,1707,26074,853,986,0,31,64,1,7239.0
736,4096.0,22724.0,4096,17740,1,50,46,3,7,1024,17839,860,642,0,8,61,0,4096.0
737,3664.0,21185.0,3664,16566,1,62,33,2,7,758,16183,622,501,0,1,28,1,3664.0
738,7182.0,32225.0,7182,20820,4,56,36,4,8,1758,20399,70,1875,0,6,58,1,7182.0
739,4549.0,23028.0,4549,14290,1,54,36,3,7,1131,14010,57,465,0,0,22,0,4549.0
740,4498.0,27463.0,4498,15856,1,45,45,1,7,1123,15452,6,554,0,1,42,0,4498.0
741,1368.0,11311.0,1368,9270,1,46,27,3,6,339,7686,2,496,0,3,45,1,1368.0
742,664.0,9507.0,664,5856,1,40,31,3,5,163,4642,12,538,0,1,26,1,664.0
743,2142.0,15028.0,2142,11889,1,52,38,3,6,533,11927,10,713,0,0,4,1,2142.0
744,8109.0,41831.0,8109,27643,4,64,66,5,8,1955,27212,153,2202,0,37,333,0,8109.0
745,15922.0,63605.0,15922,35605,5,69,56,2,9,3824,35466,1052,2616,0,51,272,1,15922.0
746,6555.0,40870.0,6555,23422,2,64,50,1,8,1600,22648,105,808,0,16,68,0,6555.0
747,7460.0,33140.0,7460,20992,3,60,47,2,8,1824,20306,64,1284,0,11,136,1,7460.0
748,6676.0,32084.0,6676,19399,3,49,38,0,8,1631,18753,52,1691,0,0,17,1,6676.0
749,4730.0,28593.0,4730,20111,1,53,32,1,6,639,17995,1048,597,0,17,33,0,4730.0
750,4046.0,21368.0,4046,14600,2,57,46,3,7,995,14019,76,1006,0,0,9,1,4046.0
751,4891.0,28269.0,4891,20124,1,47,38,3,7,1217,20135,397,435,0,7,69,1,4891.0
752,661.0,8382.0,661,7087,1,36,41,4,5,163,6457,9,581,0,5,32,1,661.0
753,2708.0,15680.0,2708,11598,1,7,33,7,7,673,10470,16,556,0,0,20,1,2708.0
754,7503.0,31844.0,7503,19352,2,45,53,1,8,1823,18982,161,1238,0,0,30,0,7503.0
755,11333.0,43810.0,11333,28569,4,69,63,10,9,2723,27907,409,2208,0,29,107,0,11333.0
756,384.0,2932.0,384,2076,1,24,22,4,4,91,2100,20,506,0,0,0,1,384.0
757,15181.0,50537.0,15181,31298,2,60,49,6,9,3722,31260,2037,2601,0,10,160,1,15181.0
758,7931.0,50029.0,7931,22271,2,64,49,1,8,1955,21928,559,725,0,0,143,1,7931.0
759,676.0,7742.0,676,5861,1,50,25,4,5,164,5118,10,629,0,0,12,1,676.0
760,7138.0,33021.0,7138,19999,4,64,39,1,8,1747,20097,252,1891,0,9,74,0,7138.0
761,16880.0,45887.0,16880,27479,6,47,37,5,7,725,27315,440,3827,0,0,95,1,16880.0
762,13340.0,45836.0,13340,30201,5,68,62,9,9,3280,29480,644,2660,0,2,24,0,13340.0
763,3711.0,29060.0,3711,18424,1,63,46,3,7,646,16303,57,731,0,0,62,0,3711.0
764,10769.0,43093.0,10769,25967,2,68,39,0,9,2671,25316,1991,1188,0,5,107,0,10769.0
765,2399.0,21266.0,2399,17181,1,46,37,3,6,337,15177,11,744,0,1,10,1,2399.0
766,2980.0,23919.0,2980,13051,1,52,46,2,7,741,12644,16,606,0,0,22,1,2980.0
767,4534.0,24959.0,4534,14709,1,54,41,2,7,1131,14132,30,580,0,3,52,0,4534.0
768,11977.0,47287.0,11977,27456,4,82,61,1,9,2880,27063,359,2627,0,8,66,0,11977.0
769,1933.0,19569.0,1933,13087,1,41,37,3,6,480,13079,13,590,0,0,14,0,1933.0
770,8232.0,47104.0,8232,27426,2,66,48,1,8,1961,28073,1370,705,0,0,103,1,8232.0
771,3348.0,23084.0,3348,16766,1,51,51,3,7,837,15444,34,564,0,2,39,1,3348.0
772,5752.0,27119.0,5752,16620,2,50,63,2,8,1414,15748,538,1039,0,0,24,1,5752.0
773,9699.0,44018.0,9699,26976,3,56,51,1,8,2347,26631,651,1571,0,7,90,1,9699.0
774,9946.0,34966.0,9946,23237,3,65,46,2,8,2421,22529,214,1637,0,58,144,0,9946.0
775,3658.0,24010.0,3658,16112,1,44,32,-1,6,639,15810,30,492,0,3,41,1,3658.0
776,16150.0,60869.0,16150,37846,3,74,51,10,9,3781,36815,1736,2149,0,30,111,1,16150.0
777,1842.0,15426.0,1842,12538,1,51,42,7,6,323,11051,10,530,0,7,13,1,1842.0
778,2011.0,26259.0,2011,14513,1,42,47,3,6,498,13923,9,492,0,33,45,0,2011.0
779,5490.0,31579.0,5490,17905,1,66,55,0,8,1364,17668,24,625,0,8,65,0,5490.0
780,7559.0,31704.0,7559,21264,3,50,56,-1,8,1825,20586,393,1852,0,6,38,0,7559.0
781,9034.0,36007.0,9034,24142,4,60,52,1,8,2179,24021,258,2389,0,4,29,1,9034.0
782,9315.0,32529.0,9315,19624,4,58,42,0,8,2225,19655,437,2732,0,7,82,1,9315.0
783,5610.0,32892.0,5610,23830,1,59,59,2,8,1289,22340,330,553,0,0,39,0,5610.0
784,9176.0,39707.0,9176,22782,2,63,41,3,8,2202,22279,984,1822,0,1,39,1,9176.0
785,5650.0,33143.0,5650,23640,1,57,45,3,8,1280,22437,128,689,0,1,66,0,5650.0
786,19639.0,51119.0,19642,30709,5,69,53,1,9,4790,31148,539,3046,0,4,144,1,19639.0
787,15511.0,45245.0,15511,30630,7,59,44,0,8,2559,29621,1565,3299,0,9,86,1,15511.0
788,1532.0,15389.0,1532,12111,1,31,34,3,5,319,10645,922,567,0,16,58,1,1532.0
789,822.0,4008.0,822,2627,4,30,24,3,4,159,2522,36,1359,0,0,24,1,822.0
790,1346.0,11247.0,1346,8400,1,44,27,4,6,334,7617,976,558,0,1,38,1,1346.0
791,8797.0,39604.0,8797,21690,4,83,33,1,8,2129,21215,273,2354,0,0,41,1,8797.0
792,8699.0,42921.0,8699,26674,2,70,46,1,8,2149,26300,65,1008,0,6,48,1,8699.0
793,9369.0,37602.0,9369,25416,2,49,41,-2,8,2304,24931,103,1254,0,2,39,1,9369.0
794,122.0,1001.0,122,614,1,21,12,4,2,27,434,14,527,0,0,2,1,122.0
795,76.0,1550.0,76,844,1,17,4,-2,1,17,587,8,637,0,0,4,1,76.0
796,8360.0,34265.0,8360,22963,2,64,48,1,8,2048,22258,178,1023,0,0,40,0,8360.0
797,13309.0,44353.0,13309,29746,5,61,39,1,9,3177,29407,569,2005,0,19,43,1,13309.0
798,14278.0,51509.0,14278,33294,4,71,41,3,9,3519,32465,1332,2410,0,40,563,0,14278.0
799,1945.0,16484.0,1945,14000,1,10,34,7,6,485,12821,5,611,0,4,8,0,1945.0
800,7056.0,34609.0,7056,21409,4,66,49,1,8,1703,21227,84,2170,0,0,42,0,7056.0
801,2073.0,13746.0,2073,9891,1,42,33,3,6,514,9260,7,543,0,2,23,1,2073.0
802,4681.0,22001.0,4681,13423,3,72,45,1,7,1127,12896,217,2112,0,0,54,0,4681.0
803,6266.0,29109.0,6266,20019,2,57,33,1,7,1279,19220,486,1017,0,0,56,0,6266.0
804,25543.0,49757.0,25543,27813,6,70,67,6,10,5864,27363,8081,2927,0,0,162,1,25543.0
805,15634.0,48312.0,15634,25874,6,77,58,1,9,3814,25832,186,3198,0,0,83,1,15634.0
806,4429.0,23952.0,4429,17664,1,41,38,2,6,639,15869,9,579,0,30,95,1,4429.0
807,2802.0,17298.0,2802,12219,1,45,42,3,7,698,11700,0,451,0,3,38,0,2802.0
808,150.0,3956.0,150,2881,1,26,10,-3,2,35,2973,10,538,0,0,0,1,150.0
809,1603.0,14074.0,1603,8640,1,36,34,3,6,399,8014,7,426,0,0,15,0,1603.0
810,1502.0,12856.0,1502,9441,1,53,31,4,6,372,9391,4,526,0,0,0,1,1502.0
811,6115.0,30828.0,6115,18042,3,52,50,1,8,1489,17546,627,1696,0,0,38,1,6115.0
812,5566.0,29810.0,5566,19190,5,60,60,1,8,1304,18629,130,2863,0,1,30,0,5566.0
813,3830.0,29386.0,3830,15487,1,40,38,4,7,955,14877,18,619,0,4,99,1,3830.0
814,21333.0,54316.0,21333,35014,2,73,53,7,10,5293,34568,999,3062,0,8,125,1,21333.0
815,3800.0,22257.0,3800,14558,3,49,49,3,7,915,14388,250,1631,0,1,68,1,3800.0
816,7283.0,38233.0,7283,21927,2,66,45,-3,8,1772,21696,259,1092,0,2,48,1,7283.0
817,9979.0,37740.0,9979,26765,3,55,52,1,8,2427,26693,559,1530,0,36,108,0,9979.0
818,1944.0,18681.0,1944,15338,1,49,32,10,6,483,13601,2,635,0,12,19,0,1944.0
819,12083.0,40364.0,12083,29228,4,85,56,3,9,2889,28716,357,2470,0,10,120,1,12083.0
820,7848.0,31413.0,7848,21139,3,45,44,4,8,1899,19927,336,1134,0,18,82,0,7848.0
821,2694.0,22141.0,2694,12758,1,44,36,4,7,671,12446,10,654,0,27,38,1,2694.0
822,3200.0,18680.0,3200,13220,1,54,39,3,7,800,12661,4,681,0,0,28,1,3200.0
823,11670.0,51906.0,11670,29735,3,67,61,1,9,2835,29624,498,2347,0,4,57,1,11670.0
824,9927.0,44551.0,9927,29443,2,47,56,3,8,2440,29289,963,1714,0,9,153,0,9927.0
825,6726.0,32224.0,6726,22004,3,62,43,-1,8,1622,21294,118,1679,0,10,35,1,6726.0
826,6994.0,32071.0,6994,22825,3,76,46,-1,8,1295,20539,756,1371,0,14,55,0,6994.0
827,5168.0,32156.0,5168,22848,1,57,44,-1,7,1274,22178,76,502,0,19,63,0,5168.0
828,1745.0,14740.0,1745,8988,3,35,28,-2,5,319,8448,23,1355,0,0,35,1,1745.0
829,1321.0,10873.0,1321,7035,6,37,23,2,5,263,6504,19,1404,0,0,8,1,1321.0
830,2105.0,15292.0,2105,10611,1,38,20,3,5,319,9559,9,547,0,0,32,1,2105.0
831,2216.0,15685.0,2216,12268,1,35,28,2,6,550,11376,16,601,0,11,38,0,2216.0
832,3596.0,25298.0,3596,16605,1,55,30,4,7,899,16258,14,463,0,11,58,0,3596.0
833,10797.0,33494.0,10797,20541,3,73,40,4,9,2641,19812,287,1443,0,1,75,0,10797.0
834,7243.0,32773.0,7243,23583,5,60,47,1,8,1729,22758,245,1437,0,1,22,0,7243.0
835,35284.0,65010.0,35284,42980,7,70,48,10,10,5796,42161,14656,4508,0,6,108,1,35284.0
836,7342.0,35279.0,7342,25285,3,69,61,2,8,1777,24455,160,890,0,16,118,1,7342.0
837,5004.0,25776.0,5004,19424,1,56,36,-2,7,652,18035,84,661,0,5,46,0,5004.0
838,4349.0,27064.0,4349,17391,1,60,38,10,7,1072,16145,81,479,0,41,52,1,4349.0
839,4247.0,32754.0,4247,23854,1,44,41,1,6,639,22466,167,630,0,6,41,0,4247.0
840,6134.0,41316.0,6134,22861,2,65,42,4,8,1501,22367,170,582,0,14,66,0,6134.0
841,6815.0,34551.0,6815,18934,2,60,41,3,8,1680,18494,307,820,0,0,72,0,6815.0
842,9198.0,78009.0,9198,32991,1,51,50,1,8,2297,32570,48,539,0,16,51,0,9198.0
843,7621.0,46834.0,7621,25321,2,57,45,1,8,1879,25136,75,1016,0,0,22,0,7621.0
844,7753.0,40530.0,7758,27291,2,57,49,4,8,1908,26261,521,922,0,31,138,1,7753.0
845,3517.0,21900.0,3517,16387,1,47,31,3,7,877,16160,129,686,0,19,80,1,3517.0
846,11887.0,42161.0,11887,28758,4,60,39,7,9,2915,28755,443,3131,0,10,98,0,11887.0
847,11324.0,68806.0,11324,29625,2,66,45,3,9,2785,28850,332,1023,0,16,65,0,11324.0
848,10374.0,43211.0,10374,25645,4,66,58,5,8,2448,25831,728,2628,0,0,116,0,10374.0
849,6844.0,40490.0,6844,26132,1,54,33,1,8,1711,25338,674,479,0,10,67,1,6844.0
850,6543.0,35066.0,6543,19980,2,62,59,3,8,1619,19584,865,949,0,1,115,0,6543.0
851,10127.0,36207.0,10127,26195,4,62,43,1,8,2468,25148,215,2047,0,10,95,0,10127.0
852,4693.0,27822.0,4693,21051,1,57,34,-2,7,1153,20548,137,792,0,4,28,1,4693.0
853,1465.0,13400.0,1465,10320,1,45,24,2,6,365,9821,5,624,0,16,22,1,1465.0
854,11885.0,48349.0,11885,29271,4,66,62,4,9,2707,29341,5297,2485,0,10,74,1,11885.0
855,4999.0,26406.0,4999,17739,1,51,40,1,7,1239,17400,925,530,0,2,44,1,4999.0
856,5075.0,24172.0,5075,17286,1,50,48,4,7,1268,17069,37,755,0,4,6,1,5075.0
857,3859.0,37268.0,3859,21657,1,60,44,5,7,921,20890,391,507,0,40,91,0,3859.0
858,1192.0,11313.0,1192,9826,1,40,25,4,5,172,7997,20,502,0,0,15,1,1192.0
859,25543.0,73008.0,25543,35905,4,80,79,6,10,6321,35856,2531,2693,0,6,106,1,25543.0
860,1935.0,20198.0,1935,13373,1,49,32,3,6,478,12596,13,475,0,0,37,1,1935.0
861,2043.0,18040.0,2043,13896,1,47,22,3,6,323,12035,3,566,0,3,7,1,2043.0
862,12634.0,53405.0,12634,30738,5,74,52,3,9,3088,30548,906,2787,0,8,84,1,12634.0
863,8946.0,38335.0,8946,25412,5,62,55,4,8,2105,24578,362,2480,0,10,81,0,8946.0
864,603.0,6959.0,603,4843,1,30,23,4,4,146,4175,19,593,0,3,3,1,603.0
865,16696.0,75818.0,16696,29399,10,73,62,4,9,3938,28759,594,3223,0,0,16,0,16696.0
866,7280.0,46612.0,7280,20408,2,73,47,2,8,1767,20001,264,968,0,2,50,0,7280.0
867,7890.0,40970.0,7890,25826,2,75,53,9,9,2596,24513,376,1047,0,8,11,1,7890.0
868,6804.0,29975.0,6804,20902,3,69,50,1,9,2560,20268,82,1847,0,2,40,0,6804.0
869,13649.0,53157.0,13649,31224,3,75,57,0,9,3347,31124,301,2088,0,0,82,1,13649.0
870,13718.0,46740.0,13718,26419,4,73,58,2,9,3377,26126,606,2621,0,6,80,1,13718.0
871,318.0,4024.0,318,3155,1,28,16,4,3,78,2899,6,507,0,2,32,1,318.0
872,11606.0,39020.0,11606,26367,3,62,49,2,9,2827,25566,178,2553,0,10,116,0,11606.0
873,9458.0,25401.0,9458,17588,3,75,44,4,8,2317,16836,438,1953,0,0,40,1,9458.0
874,33767.0,79390.0,33767,41407,3,87,69,7,10,8941,41183,2823,3626,0,0,256,1,33767.0
875,13846.0,49049.0,13846,31101,2,72,48,3,9,2631,30431,552,1348,0,34,208,0,13846.0
876,989.0,10397.0,989,8762,1,40,28,3,5,160,7138,17,799,0,2,6,1,989.0
877,7538.0,67252.0,7538,21089,2,57,53,1,8,1872,20396,82,1074,0,1,14,1,7538.0
878,18031.0,43675.0,18031,25320,5,72,57,0,9,4263,25295,891,3540,0,0,42,1,18031.0
879,17460.0,53718.0,17460,25859,5,74,72,0,9,4296,25035,1558,4020,0,0,125,1,17460.0
880,7923.0,49485.0,7923,31553,2,59,43,-1,8,1804,30806,2383,1667,0,26,101,0,7923.0
881,1215.0,11797.0,1215,9634,1,47,31,3,5,167,7706,3,490,0,19,74,1,1215.0
882,1067.0,9455.0,1067,5868,1,39,29,4,5,265,5382,7,608,0,0,1,1,1067.0
883,6460.0,34813.0,6460,23767,7,58,43,1,8,1498,23414,234,1077,0,13,50,1,6460.0
884,1837.0,15608.0,1837,9452,1,41,35,4,6,457,8856,9,555,0,0,3,1,1837.0
885,6928.0,41388.0,6928,30261,2,64,60,2,8,1695,29788,120,1087,0,37,89,1,6928.0
886,8400.0,31366.0,8400,17493,4,60,31,6,8,2034,17372,610,2527,0,5,59,1,8400.0
887,7058.0,66797.0,7058,32015,2,60,35,5,8,1735,31810,110,725,0,9,100,1,7058.0
888,4399.0,27042.0,4399,18508,1,51,30,-1,7,1066,17833,135,560,0,17,68,1,4399.0
889,7740.0,32807.0,7740,22494,4,54,46,-2,8,1295,21312,290,2137,0,16,84,1,7740.0
890,4599.0,24021.0,4599,14223,1,46,43,1,7,1123,14079,129,586,0,0,38,1,4599.0
891,840.0,9687.0,840,6479,1,34,22,3,5,210,6401,894,637,0,3,25,1,840.0
892,12668.0,42651.0,12668,24825,4,86,41,4,9,2999,24742,1844,2786,0,0,144,0,12668.0
893,8944.0,41664.0,8944,27883,3,63,56,1,8,2138,27218,282,1050,0,22,88,0,8944.0
894,11351.0,53865.0,11351,30923,2,77,53,5,9,2810,30273,353,1079,0,15,179,1,11351.0
895,7951.0,33340.0,7951,22798,4,74,48,3,8,1929,23814,943,1967,0,8,62,1,7951.0
896,5722.0,30981.0,5722,20197,1,68,40,3,8,1280,18441,104,581,0,1,99,1,5722.0
897,3918.0,20793.0,3918,14975,1,64,32,3,7,646,13958,10,620,0,0,30,1,3918.0
898,4785.0,26418.0,4785,17702,1,54,50,1,7,674,15739,47,486,0,0,62,0,4785.0
899,10615.0,35281.0,10615,24798,5,56,47,3,8,2526,23962,301,2399,0,21,81,1,10615.0
900,5133.0,29660.0,5133,17144,1,63,34,3,7,1276,16365,277,647,0,3,35,1,5133.0
901,1088.0,16930.0,1088,11985,1,34,16,3,5,272,11667,0,455,0,1,12,1,1088.0
902,4196.0,26620.0,4196,18702,1,53,41,3,7,1049,18331,72,572,0,3,37,0,4196.0
903,9933.0,44555.0,9933,24593,2,43,48,-1,8,2425,25570,1369,972,0,0,28,1,9933.0
904,13712.0,42046.0,13712,25668,4,68,54,2,9,3325,24778,272,3134,0,0,180,1,13712.0
905,9704.0,35651.0,9704,21405,3,71,45,0,8,2379,21164,880,1382,0,0,38,1,9704.0
906,681.0,8199.0,681,4824,1,44,20,0,5,165,4351,11,535,0,0,11,1,681.0
907,745.0,10768.0,745,9575,1,40,31,3,5,185,8089,5,300,0,0,0,1,745.0
908,3128.0,30760.0,3128,18194,1,45,39,2,7,777,17510,70,687,0,10,68,1,3128.0
909,4196.0,24069.0,4196,15969,1,49,41,3,7,1049,15652,30,412,0,2,115,1,4196.0
910,2454.0,17623.0,2454,12322,2,40,28,1,6,601,12141,42,1135,0,0,2,1,2454.0
911,9152.0,37021.0,9152,25762,2,48,52,3,8,2227,25925,214,1631,0,26,161,1,9152.0
912,1035.0,11043.0,1035,8405,1,36,22,4,5,254,7194,19,449,0,1,40,1,1035.0
913,15364.0,45601.0,15364,28228,4,58,60,8,9,3801,27665,2260,2974,0,0,63,0,15364.0
914,9702.0,36288.0,9702,23826,2,52,41,7,8,2374,23731,462,969,0,5,88,0,9702.0
915,4779.0,28896.0,4779,15128,1,47,32,5,7,1165,14275,49,1173,0,0,77,0,4779.0
916,416.0,5248.0,416,4221,1,34,25,3,4,100,3548,16,424,0,3,10,1,416.0
917,433.0,4780.0,433,3516,1,31,12,3,4,103,3349,11,618,0,1,3,1,433.0
918,7537.0,48691.0,7537,28216,1,65,53,2,8,1855,27548,125,452,0,17,40,1,7537.0
919,4366.0,22499.0,4366,15953,1,54,43,-1,7,1089,15801,90,629,0,0,2,1,4366.0
920,13467.0,38935.0,13467,22591,3,61,60,7,9,3166,22314,1553,2299,0,0,47,1,13467.0
921,3268.0,24102.0,3268,18940,1,54,48,3,7,814,18115,12,554,0,25,77,0,3268.0
922,5538.0,31277.0,5538,22105,1,46,48,-3,8,1382,20888,86,608,0,7,42,1,5538.0
923,7974.0,44974.0,7974,24655,3,65,40,3,8,1938,23783,102,1540,0,35,148,1,7974.0
924,815.0,13170.0,815,8240,1,38,29,4,5,200,7747,15,587,0,0,0,1,815.0
925,16940.0,51025.0,16940,27931,2,66,62,3,9,4123,27469,1054,2798,0,0,53,0,16940.0
926,5368.0,39094.0,5368,19066,1,45,53,1,8,1342,18983,288,614,0,1,62,0,5368.0
927,4060.0,25328.0,4060,18451,1,57,49,2,7,1015,18357,62,537,0,5,12,0,4060.0
928,2535.0,16200.0,2535,12088,1,47,30,3,5,319,11002,19,551,0,0,40,1,2535.0
929,4224.0,27796.0,4224,16486,1,52,30,3,7,1056,16451,98,622,0,1,66,1,4224.0
930,14482.0,40824.0,14482,25678,5,66,45,2,9,3452,25540,474,2870,0,0,66,1,14482.0
931,2588.0,19654.0,2588,14369,1,55,25,10,7,644,13103,12,473,0,5,24,1,2588.0
932,10646.0,37883.0,10646,24591,2,61,52,3,8,2432,24046,1340,1275,0,5,78,1,10646.0
933,8666.0,38558.0,8666,24690,5,53,47,1,8,2070,24389,286,1994,0,2,117,1,8666.0
934,6556.0,36011.0,6556,22309,1,66,40,1,8,1282,21202,60,454,0,3,90,1,6556.0
935,4850.0,27169.0,4850,18034,1,53,31,2,7,1196,18079,56,486,0,14,53,0,4850.0
936,3012.0,25639.0,3012,15842,1,69,30,4,7,753,15290,50,653,0,4,65,1,3012.0
937,11645.0,42044.0,11645,25692,7,73,34,0,9,2796,24949,2343,2738,0,0,23,0,11645.0
938,7482.0,36877.0,7482,26045,3,64,48,5,8,1804,25584,390,1157,0,3,51,1,7482.0
939,5143.0,35421.0,5143,22684,1,41,45,3,7,1274,22630,189,650,0,16,25,1,5143.0
940,6963.0,30370.0,6963,20216,1,59,50,3,8,1588,19710,3907,626,0,4,79,1,6963.0
941,18533.0,54546.0,18533,28225,9,77,38,6,9,4478,28035,3677,4333,0,7,84,0,18533.0
942,6925.0,33685.0,6925,21729,1,47,48,4,8,1671,21793,619,775,0,25,189,1,6925.0
943,5646.0,25626.0,5646,18183,1,57,35,5,8,1404,17904,10,559,0,11,32,1,5646.0
944,3536.0,20013.0,3536,13188,1,52,39,2,7,884,12960,40,466,0,0,52,1,3536.0
945,16245.0,47535.0,16245,32325,3,71,57,2,9,4000,31747,433,1713,0,0,59,1,16245.0
946,12817.0,44546.0,12817,27567,4,81,50,0,9,3017,26482,957,2343,0,2,146,0,12817.0
947,3642.0,26655.0,3642,16053,1,46,41,4,7,903,15706,34,544,0,3,15,1,3642.0
948,5715.0,19346.0,5715,11875,3,80,48,5,8,1347,11057,411,1718,0,2,92,1,5715.0
949,446.0,5894.0,446,3932,1,35,28,4,4,110,3200,6,624,0,0,0,1,446.0
950,1157.0,10733.0,1157,8446,1,36,20,4,5,288,6894,5,676,0,0,5,1,1157.0
951,5179.0,28000.0,5179,15740,1,41,40,-1,7,1272,14791,81,520,0,0,52,1,5179.0
952,3462.0,10153.0,3462,7289,2,53,35,10,7,838,6979,40,1228,0,2,8,1,3462.0
953,14324.0,40075.0,14324,23879,3,60,55,-2,9,3472,22916,276,2226,0,72,242,1,14324.0
954,6418.0,31201.0,6418,18254,3,64,40,3,8,1534,19354,282,1089,0,2,62,1,6418.0
955,8347.0,37333.0,8347,20673,5,56,56,8,8,1953,20017,605,2722,0,8,85,1,8347.0
956,1188.0,15281.0,1188,11556,1,38,32,3,5,163,9610,16,548,0,13,24,1,1188.0
957,24761.0,60194.0,24761,38902,6,90,65,1,10,5996,38487,1349,4605,10,3,154,0,24761.0
958,7977.0,60516.0,7977,30797,1,62,45,1,8,1916,31090,835,557,0,5,137,1,7977.0
959,8874.0,40282.0,8874,27856,3,58,44,0,8,2191,27690,614,658,0,0,8,0,8874.0
960,7581.0,32590.0,7581,21909,2,58,43,0,8,1821,21453,321,1143,0,1,98,0,7581.0
961,12756.0,99457.0,12756,31220,4,54,44,1,9,3135,30802,388,1640,0,4,42,1,12756.0
962,13954.0,41294.0,13954,25161,7,79,22,4,9,3349,24290,588,3811,0,10,76,0,13954.0
963,1979.0,18617.0,1979,12458,1,42,31,3,6,493,11531,7,612,0,1,17,1,1979.0
964,2006.0,15534.0,2006,12057,1,41,34,3,6,498,11540,14,508,0,9,34,1,2006.0
965,10084.0,41546.0,10084,23288,5,60,48,2,8,2369,22576,384,2905,0,0,106,0,10084.0
966,7484.0,37052.0,7484,23019,3,61,39,7,8,1690,22097,332,1152,0,2,69,1,7484.0
967,7452.0,33180.0,7452,21293,3,54,45,1,8,1824,20825,66,1140,0,0,24,0,7452.0
968,8387.0,42658.0,8387,26159,2,57,48,1,8,1309,24460,1779,1132,0,8,57,0,8387.0
969,16749.0,54292.0,16749,34034,5,81,55,4,9,3989,33756,679,3538,0,19,124,0,16749.0
970,18596.0,49249.0,18596,34097,4,68,33,0,9,4609,33321,1082,2670,0,2,57,1,18596.0
971,195.0,2753.0,195,2054,1,24,14,4,3,48,1935,3,499,0,0,1,1,195.0
972,8674.0,31138.0,8679,17982,5,66,32,1,8,2058,17724,334,3219,0,14,86,1,8674.0
973,12880.0,49220.0,12880,24469,5,59,54,8,9,3103,23843,366,2744,0,0,179,1,12880.0
974,16529.0,58767.0,16529,39947,5,70,54,3,9,4056,39589,997,2727,0,22,118,0,16529.0
975,1476.0,12315.0,1476,8516,1,56,36,0,6,368,7940,4,650,0,2,40,1,1476.0
976,11519.0,46510.0,11519,31046,5,79,39,10,9,2796,30530,323,2675,0,19,204,0,11519.0
977,18.0,499.0,18,163,1,14,5,4,1,3,0,6,230,0,0,0,1,18.0
978,6819.0,30967.0,6819,20462,2,53,46,2,8,1670,19488,165,1106,0,2,89,1,6819.0
979,6056.0,36189.0,6056,22114,3,63,36,3,8,1317,21073,344,1340,0,33,131,1,6056.0
980,6747.0,29660.0,6747,18719,1,61,62,2,8,1317,18134,155,1286,0,0,24,1,6747.0
981,2712.0,26406.0,2712,10046,4,41,42,1,6,610,9940,266,2108,0,3,18,1,2712.0
982,7132.0,40579.0,7132,26903,2,47,41,4,8,1768,25783,1506,1184,0,29,73,0,7132.0
983,6408.0,41415.0,6408,19302,1,60,44,4,8,1567,19069,454,627,0,1,24,0,6408.0
984,8604.0,42037.0,8604,29520,3,71,42,0,8,2093,29182,202,1588,0,0,35,0,8604.0
985,2959.0,16609.0,2959,11853,1,64,31,1,7,739,11737,3,544,0,0,41,1,2959.0
986,14571.0,53824.0,14571,32550,4,71,62,3,9,3552,32304,193,1914,0,0,235,0,14571.0
987,11114.0,43955.0,11114,28794,2,83,61,4,9,2721,28825,582,1258,0,3,52,0,11114.0
988,6569.0,57223.0,6569,24229,2,71,61,4,8,1593,24163,239,1203,0,24,250,0,6569.0
989,24538.0,57353.0,24541,30494,4,73,72,-1,10,5957,29358,1534,3322,0,1,175,0,24538.0
990,4371.0,32020.0,4371,19549,1,44,53,4,7,1087,19236,783,603,0,22,113,1,4371.0
991,10465.0,100000.0,10465,26486,3,71,62,-1,9,2561,25782,1061,1447,0,3,104,0,10465.0
992,9802.0,48436.0,9802,24126,8,63,45,4,8,2336,23775,376,2535,0,0,154,0,9802.0
993,2972.0,19185.0,2972,15091,1,50,34,1,7,743,14974,26,641,0,3,9,1,2972.0
994,5450.0,34138.0,5450,21702,1,57,41,3,8,1360,21169,116,612,0,3,53,1,5450.0
995,7062.0,32339.0,7062,24560,2,63,45,1,8,1691,23133,248,1009,0,16,92,1,7062.0
996,8458.0,52974.0,8458,23535,2,57,54,0,8,2094,23172,628,1254,0,1,81,1,8458.0
997,9345.0,40089.0,9345,27492,3,59,44,5,8,2254,26683,231,2111,0,3,33,1,9345.0
998,11777.0,46607.0,11777,30335,5,85,49,2,9,2817,29404,561,2418,0,15,99,1,11777.0
999,3069.0,24453.0,3069,17943,2,53,37,3,7,751,15674,5,514,0,8,69,1,3069.0
1000,842.0,6569.0,842,5120,1,37,25,2,5,204,5077,26,494,0,4,48,1,842.0
1001,15335.0,52429.0,15335,28842,4,69,50,0,9,3721,27977,755,3015,0,5,198,0,15335.0
1002,18889.0,57858.0,18889,32521,4,70,45,0,9,4518,32031,1603,1875,0,5,184,1,18889.0
1003,15907.0,43730.0,15907,27196,7,72,58,-1,9,3821,26993,921,5176,0,13,49,1,15907.0
1004,1534.0,15472.0,1534,11672,1,32,28,1,5,319,10644,6,683,0,1,6,1,1534.0
1005,4543.0,30709.0,4543,20834,1,61,29,3,7,1110,19897,211,482,0,4,53,1,4543.0
1006,1235.0,9333.0,1235,7337,1,37,32,4,5,307,7048,7,646,0,0,106,1,1235.0
1007,2439.0,15201.0,2439,11628,1,41,40,3,6,605,10509,9,522,0,5,24,1,2439.0
1008,9923.0,37516.0,9923,24279,6,68,53,3,8,2374,23551,635,1990,0,4,40,1,9923.0
1009,9878.0,37364.0,9878,25435,2,60,54,1,8,2424,24805,286,1629,0,60,120,1,9878.0
1010,10220.0,30378.0,10220,20721,6,55,41,5,8,2471,20362,626,3036,0,3,81,1,10220.0
1011,10354.0,51239.0,10354,26922,3,73,43,1,9,2561,26157,1128,1568,0,9,36,1,10354.0
1012,7091.0,67157.0,7091,29760,2,61,38,3,8,1285,28504,379,744,0,8,102,0,7091.0
1013,4542.0,26256.0,4542,18460,1,58,29,-6,7,1124,17741,16,483,0,0,61,1,4542.0
1014,11765.0,44558.0,11765,29966,3,55,59,-4,9,2898,29228,2687,1780,0,20,135,1,11765.0
1015,3306.0,28871.0,3306,20539,1,51,49,3,7,824,20348,22,591,0,38,76,1,3306.0
1016,6313.0,33643.0,6313,18031,3,62,47,3,8,1533,17432,75,1624,0,0,170,1,6313.0
1017,7444.0,49866.0,7444,27389,4,60,42,6,8,1812,26712,348,1978,0,6,56,1,7444.0
1018,7300.0,41800.0,7300,29300,1,68,40,1,8,1820,27499,534,539,0,10,60,1,7300.0
1019,4466.0,28715.0,4466,19833,1,50,44,2,7,1111,18156,194,500,0,7,19,1,4466.0
1020,15778.0,90931.0,15778,34471,5,70,53,4,9,3822,34243,4812,2149,0,8,121,0,15778.0
1021,9837.0,50159.0,9837,31140,5,57,57,6,8,2381,30686,159,2380,0,20,108,1,9837.0
1022,3933.0,26521.0,3933,18282,1,57,48,3,7,955,17412,119,457,0,1,5,1,3933.0
1023,1083.0,10386.0,1083,7355,1,37,28,3,5,265,6653,3,592,0,3,11,1,1083.0
